date,Price,Open,High,Low,Vol.,Change %,Close,Return_t,Return_next,Direction_next,Return_t-1,Return_t-2,ticker,category,title,description,impact_sign,impact_label,event_count,event_today,close,return,r_t_minus_1,r_t_minus_2,r_t_plus_1,y_next_up,volume,news_count,lex_hits_docs,has_news,has_lex_hits,simple_mean,simple_sum,simple_max,simple_min,simple_std,score_mean,score_sum,score_max,score_min,score_std,sum_pos_total,sum_neg_total,n_pos_total,n_neg_total,avg_coverage
2025-01-14,5.39,5.3,5.39,5.28,264.07K,1.70%,5.39,0.016838564,-0.00558141,0,-0.014981554,-0.005560719,,,,,0,neutral,0,0,5.39,0.016838564,-0.014981554,-0.005560719,-0.00558141,0,264.07K,0.0,0.0,False,False,0.0,0.0,0.0,0.0,0.0,0.0,0.0,0.0,0.0,0.0,0.0,0.0,0.0,0.0,0.0
2025-01-15,5.36,5.39,5.39,5.35,174.91K,-0.56%,5.36,-0.00558141,0.00558141,1,0.016838564,-0.014981554,,,,,0,neutral,0,0,5.36,-0.00558141,0.016838564,-0.014981554,0.00558141,1,174.91K,0.0,0.0,False,False,0.0,0.0,0.0,0.0,0.0,0.0,0.0,0.0,0.0,0.0,0.0,0.0,0.0,0.0,0.0
2025-01-16,5.39,5.36,5.39,5.28,713.82K,0.56%,5.39,0.00558141,-0.007448824,0,-0.00558141,0.016838564,,,,,0,neutral,0,0,5.39,0.00558141,-0.00558141,0.016838564,-0.007448824,0,713.82K,0.0,0.0,False,False,0.0,0.0,0.0,0.0,0.0,0.0,0.0,0.0,0.0,0.0,0.0,0.0,0.0,0.0,0.0
2025-01-17,5.35,5.38,5.38,5.29,567.22K,-0.74%,5.35,-0.007448824,-0.007504726,0,0.00558141,-0.00558141,,,,,0,neutral,0,0,5.35,-0.007448824,0.00558141,-0.00558141,-0.007504726,0,567.22K,0.0,0.0,False,False,0.0,0.0,0.0,0.0,0.0,0.0,0.0,0.0,0.0,0.0,0.0,0.0,0.0,0.0,0.0
2025-01-20,5.31,5.35,5.35,5.29,95.56K,-0.75%,5.31,-0.007504726,-0.001885015,0,-0.007448824,0.00558141,,,,,0,neutral,0,0,5.31,-0.007504726,-0.007448824,0.00558141,-0.001885015,0,95.56K,0.0,0.0,False,False,0.0,0.0,0.0,0.0,0.0,0.0,0.0,0.0,0.0,0.0,0.0,0.0,0.0,0.0,0.0
2025-01-21,5.3,5.3,5.33,5.26,594.78K,-0.19%,5.3,-0.001885015,0.003766483,1,-0.007504726,-0.007448824,,,,,0,neutral,0,0,5.3,-0.001885015,-0.007504726,-0.007448824,0.003766483,1,594.78K,0.0,0.0,False,False,0.0,0.0,0.0,0.0,0.0,0.0,0.0,0.0,0.0,0.0,0.0,0.0,0.0,0.0,0.0
2025-01-22,5.32,5.32,5.34,5.28,341.99K,0.38%,5.32,0.003766483,-0.003766483,0,-0.001885015,-0.007504726,,,,,0,neutral,0,0,5.32,0.003766483,-0.001885015,-0.007504726,-0.003766483,0,341.99K,0.0,0.0,False,False,0.0,0.0,0.0,0.0,0.0,0.0,0.0,0.0,0.0,0.0,0.0,0.0,0.0,0.0,0.0
2025-01-23,5.3,5.32,5.32,5.26,92.16K,-0.38%,5.3,-0.003766483,0.001885015,1,0.003766483,-0.001885015,,,,,0,neutral,0,0,5.3,-0.003766483,0.003766483,-0.001885015,0.001885015,1,92.16K,0.0,0.0,False,False,0.0,0.0,0.0,0.0,0.0,0.0,0.0,0.0,0.0,0.0,0.0,0.0,0.0,0.0,0.0
2025-01-27,5.31,5.27,5.36,5.24,589.82K,0.19%,5.31,0.001885015,0.001881468,1,-0.003766483,0.003766483,,,,,0,neutral,0,0,5.31,0.001885015,-0.003766483,0.003766483,0.001881468,1,589.82K,0.0,0.0,False,False,0.0,0.0,0.0,0.0,0.0,0.0,0.0,0.0,0.0,0.0,0.0,0.0,0.0,0.0,0.0
2025-01-28,5.32,5.31,5.32,5.24,1.20M,0.19%,5.32,0.001881468,0.00375235,1,0.001885015,-0.003766483,,,,,0,neutral,0,0,5.32,0.001881468,0.001885015,-0.003766483,0.00375235,1,1.20M,0.0,0.0,False,False,0.0,0.0,0.0,0.0,0.0,0.0,0.0,0.0,0.0,0.0,0.0,0.0,0.0,0.0,0.0
2025-01-29,5.34,5.3,5.35,5.26,282.73K,0.38%,5.34,0.00375235,0.0,0,0.001881468,0.001885015,,,,,0,neutral,0,0,5.34,0.00375235,0.001881468,0.001885015,0.0,0,282.73K,0.0,0.0,False,False,0.0,0.0,0.0,0.0,0.0,0.0,0.0,0.0,0.0,0.0,0.0,0.0,0.0,0.0,0.0
2025-01-30,5.34,5.31,5.34,5.3,1.22M,0.00%,5.34,0.0,0.01302344,1,0.00375235,0.001881468,,,,,0,neutral,0,0,5.34,0.0,0.00375235,0.001881468,0.01302344,1,1.22M,0.0,0.0,False,False,0.0,0.0,0.0,0.0,0.0,0.0,0.0,0.0,0.0,0.0,0.0,0.0,0.0,0.0,0.0
2025-01-31,5.41,5.32,5.42,5.32,378.81K,1.31%,5.41,0.01302344,-0.001850139,0,0.0,0.00375235,,,,,0,neutral,0,0,5.41,0.01302344,0.0,0.00375235,-0.001850139,0,378.81K,0.0,0.0,False,False,0.0,0.0,0.0,0.0,0.0,0.0,0.0,0.0,0.0,0.0,0.0,0.0,0.0,0.0,0.0
2025-02-03,5.4,5.45,5.45,5.35,248.10K,-0.18%,5.4,-0.001850139,-0.001853569,0,0.01302344,0.0,,,,,0,neutral,0,0,5.4,-0.001850139,0.01302344,0.0,-0.001853569,0,248.10K,0.0,0.0,False,False,0.0,0.0,0.0,0.0,0.0,0.0,0.0,0.0,0.0,0.0,0.0,0.0,0.0,0.0,0.0
2025-02-04,5.39,5.41,5.42,5.39,96.62K,-0.19%,5.39,-0.001853569,0.003703708,1,-0.001850139,0.01302344,,,,,0,neutral,0,0,5.39,-0.001853569,-0.001850139,0.01302344,0.003703708,1,96.62K,0.0,0.0,False,False,0.0,0.0,0.0,0.0,0.0,0.0,0.0,0.0,0.0,0.0,0.0,0.0,0.0,0.0,0.0
2025-02-05,5.41,5.4,5.42,5.38,180.76K,0.37%,5.41,0.003703708,0.012856008,1,-0.001853569,-0.001850139,,,,,0,neutral,0,0,5.41,0.003703708,-0.001853569,-0.001850139,0.012856008,1,180.76K,0.0,0.0,False,False,0.0,0.0,0.0,0.0,0.0,0.0,0.0,0.0,0.0,0.0,0.0,0.0,0.0,0.0,0.0
2025-02-06,5.48,5.4,5.5,5.4,332.99K,1.29%,5.48,0.012856008,0.0,0,0.003703708,-0.001853569,,,,,0,neutral,0,0,5.48,0.012856008,0.003703708,-0.001853569,0.0,0,332.99K,0.0,0.0,False,False,0.0,0.0,0.0,0.0,0.0,0.0,0.0,0.0,0.0,0.0,0.0,0.0,0.0,0.0,0.0
2025-02-07,5.48,5.45,5.53,5.45,415.35K,0.00%,5.48,0.0,0.0108894,1,0.012856008,0.003703708,,,,,0,neutral,0,0,5.48,0.0,0.012856008,0.003703708,0.0108894,1,415.35K,0.0,0.0,False,False,0.0,0.0,0.0,0.0,0.0,0.0,0.0,0.0,0.0,0.0,0.0,0.0,0.0,0.0,0.0
2025-02-10,5.54,5.53,5.57,5.5,454.72K,1.09%,5.54,0.0108894,0.019661044,1,0.0,0.012856008,,,,,0,neutral,0,0,5.54,0.0108894,0.0,0.012856008,0.019661044,1,454.72K,0.0,0.0,False,False,0.0,0.0,0.0,0.0,0.0,0.0,0.0,0.0,0.0,0.0,0.0,0.0,0.0,0.0,0.0
2025-02-11,5.65,5.55,5.66,5.52,272.25K,1.99%,5.65,0.019661044,0.007054703,1,0.0108894,0.0,,,,,0,neutral,0,0,5.65,0.019661044,0.0108894,0.0,0.007054703,1,272.25K,0.0,0.0,False,False,0.0,0.0,0.0,0.0,0.0,0.0,0.0,0.0,0.0,0.0,0.0,0.0,0.0,0.0,0.0
2025-02-12,5.69,5.65,5.69,5.61,261.58K,0.71%,5.69,0.007054703,0.010489607,1,0.019661044,0.0108894,,,,,0,neutral,0,0,5.69,0.007054703,0.019661044,0.0108894,0.010489607,1,261.58K,0.0,0.0,False,False,0.0,0.0,0.0,0.0,0.0,0.0,0.0,0.0,0.0,0.0,0.0,0.0,0.0,0.0,0.0
2025-02-13,5.75,5.67,5.81,5.64,468.68K,1.05%,5.75,0.010489607,0.035870626,1,0.007054703,0.019661044,,,,,0,neutral,0,0,5.75,0.010489607,0.007054703,0.019661044,0.035870626,1,468.68K,0.0,0.0,False,False,0.0,0.0,0.0,0.0,0.0,0.0,0.0,0.0,0.0,0.0,0.0,0.0,0.0,0.0,0.0
2025-02-14,5.96,5.79,5.96,5.79,816.38K,3.65%,5.96,0.035870626,-0.01011813,0,0.010489607,0.007054703,,,,,0,neutral,0,0,5.96,0.035870626,0.010489607,0.007054703,-0.01011813,0,816.38K,0.0,0.0,False,False,0.0,0.0,0.0,0.0,0.0,0.0,0.0,0.0,0.0,0.0,0.0,0.0,0.0,0.0,0.0
2025-02-17,5.9,5.96,5.96,5.85,2.56M,-1.01%,5.9,-0.01011813,0.0,0,0.035870626,0.010489607,SNG.RO,governance,New Nomination & Remuneration Committee,Board sets a new lineup for the Nomination and Remuneration Committee.,0,neutral,1,1,5.9,-0.01011813,0.035870626,0.010489607,0.0,0,2.56M,0.0,0.0,False,False,0.0,0.0,0.0,0.0,0.0,0.0,0.0,0.0,0.0,0.0,0.0,0.0,0.0,0.0,0.0
2025-02-18,5.9,5.89,5.92,5.87,375.86K,0.00%,5.9,0.0,0.006756782,1,-0.01011813,0.035870626,,,,,0,neutral,0,0,5.9,0.0,-0.01011813,0.035870626,0.006756782,1,375.86K,0.0,0.0,False,False,0.0,0.0,0.0,0.0,0.0,0.0,0.0,0.0,0.0,0.0,0.0,0.0,0.0,0.0,0.0
2025-02-19,5.94,5.87,5.96,5.87,840.01K,0.68%,5.94,0.006756782,-0.006756782,0,0.0,-0.01011813,,,,,0,neutral,0,0,5.94,0.006756782,0.0,-0.01011813,-0.006756782,0,840.01K,0.0,0.0,False,False,0.0,0.0,0.0,0.0,0.0,0.0,0.0,0.0,0.0,0.0,0.0,0.0,0.0,0.0,0.0
2025-02-20,5.9,5.94,5.94,5.88,1.42M,-0.67%,5.9,-0.006756782,-0.01537178,0,0.006756782,0.0,,,,,0,neutral,0,0,5.9,-0.006756782,0.006756782,0.0,-0.01537178,0,1.42M,0.0,0.0,False,False,0.0,0.0,0.0,0.0,0.0,0.0,0.0,0.0,0.0,0.0,0.0,0.0,0.0,0.0,0.0
2025-02-21,5.81,5.9,5.9,5.81,95.33K,-1.53%,5.81,-0.01537178,0.00686109,1,-0.006756782,0.006756782,,,,,0,neutral,0,0,5.81,-0.01537178,-0.006756782,0.006756782,0.00686109,1,95.33K,0.0,0.0,False,False,0.0,0.0,0.0,0.0,0.0,0.0,0.0,0.0,0.0,0.0,0.0,0.0,0.0,0.0,0.0
2025-02-24,5.85,5.85,5.89,5.82,1.05M,0.69%,5.85,0.00686109,0.01020417,1,-0.01537178,-0.006756782,,,,,0,neutral,0,0,5.85,0.00686109,-0.01537178,-0.006756782,0.01020417,1,1.05M,0.0,0.0,False,False,0.0,0.0,0.0,0.0,0.0,0.0,0.0,0.0,0.0,0.0,0.0,0.0,0.0,0.0,0.0
2025-02-25,5.91,5.85,5.91,5.83,374.43K,1.03%,5.91,0.01020417,-0.001693481,0,0.00686109,-0.01537178,,,,,0,neutral,0,0,5.91,0.01020417,0.00686109,-0.01537178,-0.001693481,0,374.43K,0.0,0.0,False,False,0.0,0.0,0.0,0.0,0.0,0.0,0.0,0.0,0.0,0.0,0.0,0.0,0.0,0.0,0.0
2025-02-26,5.9,5.91,5.91,5.85,373.53K,-0.17%,5.9,-0.001693481,0.005071862,1,0.01020417,0.00686109,,,,,0,neutral,0,0,5.9,-0.001693481,0.01020417,0.00686109,0.005071862,1,373.53K,0.0,0.0,False,False,0.0,0.0,0.0,0.0,0.0,0.0,0.0,0.0,0.0,0.0,0.0,0.0,0.0,0.0,0.0
2025-02-27,5.93,5.88,5.94,5.86,104.28K,0.51%,5.93,0.005071862,-0.005071862,0,-0.001693481,0.01020417,,,,,0,neutral,0,0,5.93,0.005071862,-0.001693481,0.01020417,-0.005071862,0,104.28K,0.0,0.0,False,False,0.0,0.0,0.0,0.0,0.0,0.0,0.0,0.0,0.0,0.0,0.0,0.0,0.0,0.0,0.0
2025-02-28,5.9,5.96,6.0,5.9,443.61K,-0.51%,5.9,-0.005071862,0.003384098,1,0.005071862,-0.001693481,,,,,0,neutral,0,0,5.9,-0.005071862,0.005071862,-0.001693481,0.003384098,1,443.61K,0.0,0.0,False,False,0.0,0.0,0.0,0.0,0.0,0.0,0.0,0.0,0.0,0.0,0.0,0.0,0.0,0.0,0.0
2025-03-03,5.92,5.9,5.97,5.87,152.88K,0.34%,5.92,0.003384098,-0.020478531,0,-0.005071862,0.005071862,,,,,0,neutral,0,0,5.92,0.003384098,-0.005071862,0.005071862,-0.020478531,0,152.88K,0.0,0.0,False,False,0.0,0.0,0.0,0.0,0.0,0.0,0.0,0.0,0.0,0.0,0.0,0.0,0.0,0.0,0.0
2025-03-04,5.8,5.92,5.94,5.8,342.97K,-2.03%,5.8,-0.020478531,0.010291686,1,0.003384098,-0.005071862,,,,,0,neutral,0,0,5.8,-0.020478531,0.003384098,-0.005071862,0.010291686,1,342.97K,0.0,0.0,False,False,0.0,0.0,0.0,0.0,0.0,0.0,0.0,0.0,0.0,0.0,0.0,0.0,0.0,0.0,0.0
2025-03-05,5.86,5.84,5.9,5.82,258.37K,1.03%,5.86,0.010291686,0.010186845,1,-0.020478531,0.003384098,,,,,0,neutral,0,0,5.86,0.010291686,-0.020478531,0.003384098,0.010186845,1,258.37K,0.0,0.0,False,False,0.0,0.0,0.0,0.0,0.0,0.0,0.0,0.0,0.0,0.0,0.0,0.0,0.0,0.0,0.0
2025-03-06,5.92,5.86,5.93,5.86,568.70K,1.02%,5.92,0.010186845,0.0,0,0.010291686,-0.020478531,,,,,0,neutral,0,0,5.92,0.010186845,0.010291686,-0.020478531,0.0,0,568.70K,0.0,0.0,False,False,0.0,0.0,0.0,0.0,0.0,0.0,0.0,0.0,0.0,0.0,0.0,0.0,0.0,0.0,0.0
2025-03-07,5.92,5.89,5.95,5.89,125.46K,0.00%,5.92,0.0,-0.006779687,0,0.010186845,0.010291686,,,,,0,neutral,0,0,5.92,0.0,0.010186845,0.010291686,-0.006779687,0,125.46K,0.0,0.0,False,False,0.0,0.0,0.0,0.0,0.0,0.0,0.0,0.0,0.0,0.0,0.0,0.0,0.0,0.0,0.0
2025-03-10,5.88,5.9,5.96,5.85,832.12K,-0.68%,5.88,-0.006779687,0.016863806,1,0.0,0.010186845,,,,,0,neutral,0,0,5.88,-0.006779687,0.0,0.010186845,0.016863806,1,832.12K,0.0,0.0,False,False,0.0,0.0,0.0,0.0,0.0,0.0,0.0,0.0,0.0,0.0,0.0,0.0,0.0,0.0,0.0
2025-03-11,5.98,5.92,5.98,5.84,518.70K,1.70%,5.98,0.016863806,-0.008396355,0,-0.006779687,0.0,,,,,0,neutral,0,0,5.98,0.016863806,-0.006779687,0.0,-0.008396355,0,518.70K,0.0,0.0,False,False,0.0,0.0,0.0,0.0,0.0,0.0,0.0,0.0,0.0,0.0,0.0,0.0,0.0,0.0,0.0
2025-03-12,5.93,5.95,5.96,5.9,281.55K,-0.84%,5.93,-0.008396355,0.005046268,1,0.016863806,-0.006779687,,,,,0,neutral,0,0,5.93,-0.008396355,0.016863806,-0.006779687,0.005046268,1,281.55K,0.0,0.0,False,False,0.0,0.0,0.0,0.0,0.0,0.0,0.0,0.0,0.0,0.0,0.0,0.0,0.0,0.0,0.0
2025-03-13,5.96,5.95,5.97,5.9,212.79K,0.51%,5.96,0.005046268,-0.001679262,0,-0.008396355,0.016863806,,,,,0,neutral,0,0,5.96,0.005046268,-0.008396355,0.016863806,-0.001679262,0,212.79K,0.0,0.0,False,False,0.0,0.0,0.0,0.0,0.0,0.0,0.0,0.0,0.0,0.0,0.0,0.0,0.0,0.0,0.0
2025-03-14,5.95,5.96,5.97,5.95,1.28M,-0.17%,5.95,-0.001679262,0.001679262,1,0.005046268,-0.008396355,,,,,0,neutral,0,0,5.95,-0.001679262,0.005046268,-0.008396355,0.001679262,1,1.28M,0.0,0.0,False,False,0.0,0.0,0.0,0.0,0.0,0.0,0.0,0.0,0.0,0.0,0.0,0.0,0.0,0.0,0.0
2025-03-17,5.96,5.95,5.97,5.91,760.87K,0.17%,5.96,0.001679262,-0.00842465,0,-0.001679262,0.005046268,,,,,0,neutral,0,0,5.96,0.001679262,-0.001679262,0.005046268,-0.00842465,0,760.87K,0.0,0.0,False,False,0.0,0.0,0.0,0.0,0.0,0.0,0.0,0.0,0.0,0.0,0.0,0.0,0.0,0.0,0.0
2025-03-18,5.91,5.93,5.94,5.86,414.02K,-0.84%,5.91,-0.00842465,0.0,0,0.001679262,-0.001679262,,,,,0,neutral,0,0,5.91,-0.00842465,0.001679262,-0.001679262,0.0,0,414.02K,0.0,0.0,False,False,0.0,0.0,0.0,0.0,0.0,0.0,0.0,0.0,0.0,0.0,0.0,0.0,0.0,0.0,0.0
2025-03-19,5.91,5.9,5.94,5.86,148.96K,0.00%,5.91,0.0,0.003378382,1,-0.00842465,0.001679262,SNG.RO,project_Iernut,Extra technical services for Iernut CCGT project,Board approves an addendum that increases the contract value for extra GE technical services.,1,positive,1,1,5.91,0.0,-0.00842465,0.001679262,0.003378382,1,148.96K,0.0,0.0,False,False,0.0,0.0,0.0,0.0,0.0,0.0,0.0,0.0,0.0,0.0,0.0,0.0,0.0,0.0,0.0
2025-03-20,5.93,5.9,5.93,5.89,113.09K,0.34%,5.93,0.003378382,-0.003378382,0,0.0,-0.00842465,,,,,0,neutral,0,0,5.93,0.003378382,0.0,-0.00842465,-0.003378382,0,113.09K,0.0,0.0,False,False,0.0,0.0,0.0,0.0,0.0,0.0,0.0,0.0,0.0,0.0,0.0,0.0,0.0,0.0,0.0
2025-03-21,5.91,5.94,5.94,5.9,324.69K,-0.34%,5.91,-0.003378382,0.010101096,1,0.003378382,0.0,,,,,0,neutral,0,0,5.91,-0.003378382,0.003378382,0.0,0.010101096,1,324.69K,0.0,0.0,False,False,0.0,0.0,0.0,0.0,0.0,0.0,0.0,0.0,0.0,0.0,0.0,0.0,0.0,0.0,0.0
2025-03-24,5.97,5.91,5.97,5.9,1.03M,1.02%,5.97,0.010101096,0.0,0,-0.003378382,0.003378382,,,,,0,neutral,0,0,5.97,0.010101096,-0.003378382,0.003378382,0.0,0,1.03M,0.0,0.0,False,False,0.0,0.0,0.0,0.0,0.0,0.0,0.0,0.0,0.0,0.0,0.0,0.0,0.0,0.0,0.0
2025-03-25,5.97,5.95,5.98,5.93,213.54K,0.00%,5.97,0.0,0.010000083,1,0.010101096,-0.003378382,SNG.RO,project_NeptunDeep,Start of drilling in Neptun Deep,OMV Petrom and Romgaz announce the start of drilling for Pelican Sud and Domino gas fields.,1,positive,1,1,5.97,0.0,0.010101096,-0.003378382,0.010000083,1,213.54K,0.0,0.0,False,False,0.0,0.0,0.0,0.0,0.0,0.0,0.0,0.0,0.0,0.0,0.0,0.0,0.0,0.0,0.0
2025-03-26,6.03,5.97,6.07,5.93,689.01K,1.01%,6.03,0.010000083,0.001657001,1,0.0,0.010101096,,,,,0,neutral,0,0,6.03,0.010000083,0.0,0.010101096,0.001657001,1,689.01K,0.0,0.0,False,False,0.0,0.0,0.0,0.0,0.0,0.0,0.0,0.0,0.0,0.0,0.0,0.0,0.0,0.0,0.0
2025-03-27,6.04,6.03,6.07,6.01,172.83K,0.17%,6.04,0.001657001,0.0,0,0.010000083,0.0,,,,,0,neutral,0,0,6.04,0.001657001,0.010000083,0.0,0.0,0,172.83K,0.0,0.0,False,False,0.0,0.0,0.0,0.0,0.0,0.0,0.0,0.0,0.0,0.0,0.0,0.0,0.0,0.0,0.0
2025-03-28,6.04,6.0,6.04,5.98,5.55M,0.00%,6.04,0.0,-0.006644543,0,0.001657001,0.010000083,,,,,0,neutral,0,0,6.04,0.0,0.001657001,0.010000083,-0.006644543,0,5.55M,0.0,0.0,False,False,0.0,0.0,0.0,0.0,0.0,0.0,0.0,0.0,0.0,0.0,0.0,0.0,0.0,0.0,0.0
2025-03-31,6.0,6.01,6.04,5.97,1.23M,-0.66%,6.0,-0.006644543,0.001665279,1,0.0,0.001657001,,,,,0,neutral,0,0,6.0,-0.006644543,0.0,0.001657001,0.001665279,1,1.23M,0.0,0.0,False,False,0.0,0.0,0.0,0.0,0.0,0.0,0.0,0.0,0.0,0.0,0.0,0.0,0.0,0.0,0.0
2025-04-01,6.01,6.0,6.04,5.98,1.25M,0.17%,6.01,0.001665279,0.0,0,-0.006644543,0.0,,,,,0,neutral,0,0,6.01,0.001665279,-0.006644543,0.0,0.0,0,1.25M,0.0,0.0,False,False,0.0,0.0,0.0,0.0,0.0,0.0,0.0,0.0,0.0,0.0,0.0,0.0,0.0,0.0,0.0
2025-04-02,6.01,6.01,6.02,6.0,540.44K,0.00%,6.01,0.0,-0.001665279,0,0.001665279,-0.006644543,,,,,0,neutral,0,0,6.01,0.0,0.001665279,-0.006644543,-0.001665279,0,540.44K,0.0,0.0,False,False,0.0,0.0,0.0,0.0,0.0,0.0,0.0,0.0,0.0,0.0,0.0,0.0,0.0,0.0,0.0
2025-04-03,6.0,5.98,6.02,5.95,510.02K,-0.17%,6.0,-0.001665279,-0.023609866,0,0.0,0.001665279,,,,,0,neutral,0,0,6.0,-0.001665279,0.0,0.001665279,-0.023609866,0,510.02K,0.0,0.0,False,False,0.0,0.0,0.0,0.0,0.0,0.0,0.0,0.0,0.0,0.0,0.0,0.0,0.0,0.0,0.0
2025-04-04,5.86,5.98,5.99,5.85,1.34M,-2.33%,5.86,-0.023609866,-0.027683429,0,-0.001665279,0.0,,,,,0,neutral,0,0,5.86,-0.023609866,-0.001665279,0.0,-0.027683429,0,1.34M,0.0,0.0,False,False,0.0,0.0,0.0,0.0,0.0,0.0,0.0,0.0,0.0,0.0,0.0,0.0,0.0,0.0,0.0
2025-04-07,5.7,5.75,5.78,5.5,881.86K,-2.73%,5.7,-0.027683429,0.039558038,1,-0.023609866,-0.001665279,,,,,0,neutral,0,0,5.7,-0.027683429,-0.023609866,-0.001665279,0.039558038,1,881.86K,0.0,0.0,False,False,0.0,0.0,0.0,0.0,0.0,0.0,0.0,0.0,0.0,0.0,0.0,0.0,0.0,0.0,0.0
2025-04-08,5.93,5.8,5.93,5.76,719.81K,4.04%,5.93,0.039558038,-0.044835095,0,-0.027683429,-0.023609866,,,,,0,neutral,0,0,5.93,0.039558038,-0.027683429,-0.023609866,-0.044835095,0,719.81K,0.0,0.0,False,False,0.0,0.0,0.0,0.0,0.0,0.0,0.0,0.0,0.0,0.0,0.0,0.0,0.0,0.0,0.0
2025-04-09,5.67,5.87,5.88,5.67,440.00K,-4.38%,5.67,-0.044835095,0.031252544,1,0.039558038,-0.027683429,,,,,0,neutral,0,0,5.67,-0.044835095,0.039558038,-0.027683429,0.031252544,1,440.00K,0.0,0.0,False,False,0.0,0.0,0.0,0.0,0.0,0.0,0.0,0.0,0.0,0.0,0.0,0.0,0.0,0.0,0.0
2025-04-10,5.85,5.95,5.96,5.85,269.28K,3.17%,5.85,0.031252544,0.01020417,1,-0.044835095,0.039558038,,,,,0,neutral,0,0,5.85,0.031252544,-0.044835095,0.039558038,0.01020417,1,269.28K,0.0,0.0,False,False,0.0,0.0,0.0,0.0,0.0,0.0,0.0,0.0,0.0,0.0,0.0,0.0,0.0,0.0,0.0
2025-04-11,5.91,5.85,5.95,5.83,471.42K,1.03%,5.91,0.01020417,0.011774737,1,0.031252544,-0.044835095,,,,,0,neutral,0,0,5.91,0.01020417,0.031252544,-0.044835095,0.011774737,1,471.42K,0.0,0.0,False,False,0.0,0.0,0.0,0.0,0.0,0.0,0.0,0.0,0.0,0.0,0.0,0.0,0.0,0.0,0.0
2025-04-14,5.98,5.95,6.0,5.92,300.16K,1.18%,5.98,0.011774737,0.0,0,0.01020417,0.031252544,SNG.RO,AGM_governance,AGM approves 2025 budget and board changes,"AGM approves the 2025 budget, revokes two board members and appoints two provisional members.",0,neutral,1,1,5.98,0.011774737,0.01020417,0.031252544,0.0,0,300.16K,0.0,0.0,False,False,0.0,0.0,0.0,0.0,0.0,0.0,0.0,0.0,0.0,0.0,0.0,0.0,0.0,0.0,0.0
2025-04-15,5.98,5.98,5.99,5.97,248.77K,0.00%,5.98,0.0,-0.003350087,0,0.011774737,0.01020417,,,,,0,neutral,0,0,5.98,0.0,0.011774737,0.01020417,-0.003350087,0,248.77K,0.0,0.0,False,False,0.0,0.0,0.0,0.0,0.0,0.0,0.0,0.0,0.0,0.0,0.0,0.0,0.0,0.0,0.0
2025-04-16,5.96,5.98,5.98,5.93,136.28K,-0.33%,5.96,-0.003350087,0.0,0,0.0,0.011774737,SNG.RO,governance,New Board chair and committees,Board appoints Dumitru Chisăliță as chair and updates advisory committees.,0,neutral,1,1,5.96,-0.003350087,0.0,0.011774737,0.0,0,136.28K,0.0,0.0,False,False,0.0,0.0,0.0,0.0,0.0,0.0,0.0,0.0,0.0,0.0,0.0,0.0,0.0,0.0,0.0
2025-04-17,5.96,5.96,5.98,5.92,296.41K,0.00%,5.96,0.0,0.003350087,1,-0.003350087,0.0,,,,,0,neutral,0,0,5.96,0.0,-0.003350087,0.0,0.003350087,1,296.41K,0.0,0.0,False,False,0.0,0.0,0.0,0.0,0.0,0.0,0.0,0.0,0.0,0.0,0.0,0.0,0.0,0.0,0.0
2025-04-22,5.98,5.96,5.98,5.92,467.15K,0.34%,5.98,0.003350087,0.0,0,0.0,-0.003350087,,,,,0,neutral,0,0,5.98,0.003350087,0.0,-0.003350087,0.0,0,467.15K,0.0,0.0,False,False,0.0,0.0,0.0,0.0,0.0,0.0,0.0,0.0,0.0,0.0,0.0,0.0,0.0,0.0,0.0
2025-04-23,5.98,5.98,6.0,5.97,74.27K,0.00%,5.98,0.0,-0.003350087,0,0.003350087,0.0,,,,,0,neutral,0,0,5.98,0.0,0.003350087,0.0,-0.003350087,0,74.27K,0.0,0.0,False,False,0.0,0.0,0.0,0.0,0.0,0.0,0.0,0.0,0.0,0.0,0.0,0.0,0.0,0.0,0.0
2025-04-24,5.96,5.99,6.0,5.95,239.62K,-0.33%,5.96,-0.003350087,0.0,0,0.0,0.003350087,,,,,0,neutral,0,0,5.96,-0.003350087,0.0,0.003350087,0.0,0,239.62K,0.0,0.0,False,False,0.0,0.0,0.0,0.0,0.0,0.0,0.0,0.0,0.0,0.0,0.0,0.0,0.0,0.0,0.0
2025-04-25,5.96,5.97,5.99,5.95,193.55K,0.00%,5.96,0.0,0.001676446,1,-0.003350087,0.0,,,,,0,neutral,0,0,5.96,0.0,-0.003350087,0.0,0.001676446,1,193.55K,0.0,0.0,False,False,0.0,0.0,0.0,0.0,0.0,0.0,0.0,0.0,0.0,0.0,0.0,0.0,0.0,0.0,0.0
2025-04-28,5.97,5.97,5.98,5.95,198.86K,0.17%,5.97,0.001676446,0.0,0,0.0,-0.003350087,,,,,0,neutral,0,0,5.97,0.001676446,0.0,-0.003350087,0.0,0,198.86K,0.0,0.0,False,False,0.0,0.0,0.0,0.0,0.0,0.0,0.0,0.0,0.0,0.0,0.0,0.0,0.0,0.0,0.0
2025-04-29,5.97,5.97,5.98,5.93,1.09M,0.00%,5.97,0.0,-0.003355708,0,0.001676446,0.0,SNG.RO,dividend,Dividend 0.1568 RON per share approved,AGM approves a total gross dividend of 0.1568 RON per share for shareholders.,-1,negative,1,1,5.97,0.0,0.001676446,0.0,-0.003355708,0,1.09M,0.0,0.0,False,False,0.0,0.0,0.0,0.0,0.0,0.0,0.0,0.0,0.0,0.0,0.0,0.0,0.0,0.0,0.0
2025-04-30,5.95,5.97,5.97,5.93,251.91K,-0.34%,5.95,-0.003355708,0.0,0,0.0,0.001676446,,,,,0,neutral,0,0,5.95,-0.003355708,0.0,0.001676446,0.0,0,251.91K,0.0,0.0,False,False,0.0,0.0,0.0,0.0,0.0,0.0,0.0,0.0,0.0,0.0,0.0,0.0,0.0,0.0,0.0
2025-05-02,5.95,5.95,5.96,5.95,229.76K,0.00%,5.95,0.0,-0.025533302,0,-0.003355708,0.0,,,,,0,neutral,0,0,5.95,0.0,-0.003355708,0.0,-0.025533302,0,229.76K,0.0,0.0,False,False,0.0,0.0,0.0,0.0,0.0,0.0,0.0,0.0,0.0,0.0,0.0,0.0,0.0,0.0,0.0
2025-05-05,5.8,5.7,5.95,5.61,1.26M,-2.52%,5.8,-0.025533302,-0.005185837,0,0.0,-0.003355708,,,,,0,neutral,0,0,5.8,-0.025533302,0.0,-0.003355708,-0.005185837,0,1.26M,0.0,0.0,False,False,0.0,0.0,0.0,0.0,0.0,0.0,0.0,0.0,0.0,0.0,0.0,0.0,0.0,0.0,0.0
2025-05-06,5.77,5.78,5.79,5.71,750.63K,-0.52%,5.77,-0.005185837,0.005185837,1,-0.025533302,0.0,,,,,0,neutral,0,0,5.77,-0.005185837,-0.025533302,0.0,0.005185837,1,750.63K,0.0,0.0,False,False,0.0,0.0,0.0,0.0,0.0,0.0,0.0,0.0,0.0,0.0,0.0,0.0,0.0,0.0,0.0
2025-05-07,5.8,5.74,5.8,5.71,1.78M,0.52%,5.8,0.005185837,-0.006920443,0,-0.005185837,-0.025533302,,,,,0,neutral,0,0,5.8,0.005185837,-0.005185837,-0.025533302,-0.006920443,0,1.78M,0.0,0.0,False,False,0.0,0.0,0.0,0.0,0.0,0.0,0.0,0.0,0.0,0.0,0.0,0.0,0.0,0.0,0.0
2025-05-08,5.76,5.78,5.78,5.73,598.14K,-0.69%,5.76,-0.006920443,-0.0104713,0,0.005185837,-0.005185837,,,,,0,neutral,0,0,5.76,-0.006920443,0.005185837,-0.005185837,-0.0104713,0,598.14K,0.0,0.0,False,False,0.0,0.0,0.0,0.0,0.0,0.0,0.0,0.0,0.0,0.0,0.0,0.0,0.0,0.0,0.0
2025-05-09,5.7,5.76,5.76,5.7,189.40K,-1.04%,5.7,-0.0104713,0.020834087,1,-0.006920443,0.005185837,,,,,0,neutral,0,0,5.7,-0.0104713,-0.006920443,0.005185837,0.020834087,1,189.40K,0.0,0.0,False,False,0.0,0.0,0.0,0.0,0.0,0.0,0.0,0.0,0.0,0.0,0.0,0.0,0.0,0.0,0.0
2025-05-12,5.82,5.71,5.82,5.7,449.46K,2.11%,5.82,0.020834087,0.0051414,1,-0.0104713,-0.006920443,,,,,0,neutral,0,0,5.82,0.020834087,-0.0104713,-0.006920443,0.0051414,1,449.46K,0.0,0.0,False,False,0.0,0.0,0.0,0.0,0.0,0.0,0.0,0.0,0.0,0.0,0.0,0.0,0.0,0.0,0.0
2025-05-13,5.85,5.82,5.9,5.8,556.67K,0.52%,5.85,0.0051414,-0.0051414,0,0.020834087,-0.0104713,,,,,0,neutral,0,0,5.85,0.0051414,0.020834087,-0.0104713,-0.0051414,0,556.67K,0.0,0.0,False,False,0.0,0.0,0.0,0.0,0.0,0.0,0.0,0.0,0.0,0.0,0.0,0.0,0.0,0.0,0.0
2025-05-14,5.82,5.85,5.85,5.8,69.82K,-0.51%,5.82,-0.0051414,-0.008628181,0,0.0051414,0.020834087,SNG.RO,governance,Board member resignation,"Board takes note of Cornel Benchea resigning as provisional director, effective 15 May 2025.",-1,negative,1,1,5.82,-0.0051414,0.0051414,0.020834087,-0.008628181,0,69.82K,0.0,0.0,False,False,0.0,0.0,0.0,0.0,0.0,0.0,0.0,0.0,0.0,0.0,0.0,0.0,0.0,0.0,0.0
2025-05-15,5.77,5.77,5.78,5.61,339.50K,-0.86%,5.77,-0.008628181,0.018884681,1,-0.0051414,0.0051414,,,,,0,neutral,0,0,5.77,-0.008628181,-0.0051414,0.0051414,0.018884681,1,339.50K,0.0,0.0,False,False,0.0,0.0,0.0,0.0,0.0,0.0,0.0,0.0,0.0,0.0,0.0,0.0,0.0,0.0,0.0
2025-05-16,5.88,5.76,5.88,5.76,200.93K,1.91%,5.88,0.018884681,0.010152371,1,-0.008628181,-0.0051414,,,,,0,neutral,0,0,5.88,0.018884681,-0.008628181,-0.0051414,0.010152371,1,200.93K,0.0,0.0,False,False,0.0,0.0,0.0,0.0,0.0,0.0,0.0,0.0,0.0,0.0,0.0,0.0,0.0,0.0,0.0
2025-05-19,5.94,5.96,6.0,5.9,347.21K,1.02%,5.94,0.010152371,0.001682086,1,0.018884681,-0.008628181,,,,,0,neutral,0,0,5.94,0.010152371,0.018884681,-0.008628181,0.001682086,1,347.21K,0.0,0.0,False,False,0.0,0.0,0.0,0.0,0.0,0.0,0.0,0.0,0.0,0.0,0.0,0.0,0.0,0.0,0.0
2025-05-20,5.95,5.94,6.01,5.92,1.90M,0.17%,5.95,0.001682086,-0.006745388,0,0.010152371,0.018884681,,,,,0,neutral,0,0,5.95,0.001682086,0.010152371,0.018884681,-0.006745388,0,1.90M,0.0,0.0,False,False,0.0,0.0,0.0,0.0,0.0,0.0,0.0,0.0,0.0,0.0,0.0,0.0,0.0,0.0,0.0
2025-05-21,5.91,5.96,6.0,5.9,92.62K,-0.67%,5.91,-0.006745388,0.021758181,1,0.001682086,0.010152371,,,,,0,neutral,0,0,5.91,-0.006745388,0.001682086,0.010152371,0.021758181,1,92.62K,0.0,0.0,False,False,0.0,0.0,0.0,0.0,0.0,0.0,0.0,0.0,0.0,0.0,0.0,0.0,0.0,0.0,0.0
2025-05-22,6.04,5.99,6.05,5.96,153.60K,2.20%,6.04,0.021758181,-0.016694879,0,-0.006745388,0.001682086,,,,,0,neutral,0,0,6.04,0.021758181,-0.006745388,0.001682086,-0.016694879,0,153.60K,0.0,0.0,False,False,0.0,0.0,0.0,0.0,0.0,0.0,0.0,0.0,0.0,0.0,0.0,0.0,0.0,0.0,0.0
2025-05-23,5.94,6.04,6.08,5.94,117.28K,-1.66%,5.94,-0.016694879,0.026579638,1,0.021758181,-0.006745388,,,,,0,neutral,0,0,5.94,-0.016694879,0.021758181,-0.006745388,0.026579638,1,117.28K,0.0,0.0,False,False,0.0,0.0,0.0,0.0,0.0,0.0,0.0,0.0,0.0,0.0,0.0,0.0,0.0,0.0,0.0
2025-05-26,6.1,6.05,6.1,5.97,428.90K,2.69%,6.1,0.026579638,0.014646316,1,-0.016694879,0.021758181,,,,,0,neutral,0,0,6.1,0.026579638,-0.016694879,0.021758181,0.014646316,1,428.90K,0.0,0.0,False,False,0.0,0.0,0.0,0.0,0.0,0.0,0.0,0.0,0.0,0.0,0.0,0.0,0.0,0.0,0.0
2025-05-27,6.19,6.13,6.27,6.11,145.74K,1.48%,6.19,0.014646316,0.008045096,1,0.026579638,-0.016694879,,,,,0,neutral,0,0,6.19,0.014646316,0.026579638,-0.016694879,0.008045096,1,145.74K,0.0,0.0,False,False,0.0,0.0,0.0,0.0,0.0,0.0,0.0,0.0,0.0,0.0,0.0,0.0,0.0,0.0,0.0
2025-05-28,6.24,6.2,6.25,6.1,62.09K,0.81%,6.24,0.008045096,0.028437935,1,0.014646316,0.026579638,,,,,0,neutral,0,0,6.24,0.008045096,0.014646316,0.026579638,0.028437935,1,62.09K,0.0,0.0,False,False,0.0,0.0,0.0,0.0,0.0,0.0,0.0,0.0,0.0,0.0,0.0,0.0,0.0,0.0,0.0
2025-05-29,6.42,6.24,6.43,6.21,338.05K,2.88%,6.42,0.028437935,0.061906556,1,0.008045096,0.014646316,,,,,0,neutral,0,0,6.42,0.028437935,0.008045096,0.014646316,0.061906556,1,338.05K,0.0,0.0,False,False,0.0,0.0,0.0,0.0,0.0,0.0,0.0,0.0,0.0,0.0,0.0,0.0,0.0,0.0,0.0
2025-05-30,6.83,6.43,6.83,6.43,930.53K,6.39%,6.83,0.061906556,0.004382768,1,0.028437935,0.008045096,,,,,0,neutral,0,0,6.83,0.061906556,0.028437935,0.008045096,0.004382768,1,930.53K,0.0,0.0,False,False,0.0,0.0,0.0,0.0,0.0,0.0,0.0,0.0,0.0,0.0,0.0,0.0,0.0,0.0,0.0
2025-06-02,6.86,6.8,6.89,6.6,216.55K,0.44%,6.86,0.004382768,0.014472033,1,0.061906556,0.028437935,,,,,0,neutral,0,0,6.86,0.004382768,0.061906556,0.028437935,0.014472033,1,216.55K,0.0,0.0,False,False,0.0,0.0,0.0,0.0,0.0,0.0,0.0,0.0,0.0,0.0,0.0,0.0,0.0,0.0,0.0
2025-06-03,6.96,6.84,7.0,6.65,594.51K,1.46%,6.96,0.014472033,-0.011560822,0,0.004382768,0.061906556,,,,,0,neutral,0,0,6.96,0.014472033,0.004382768,0.061906556,-0.011560822,0,594.51K,0.0,0.0,False,False,0.0,0.0,0.0,0.0,0.0,0.0,0.0,0.0,0.0,0.0,0.0,0.0,0.0,0.0,0.0
2025-06-04,6.88,7.0,7.0,6.8,294.92K,-1.15%,6.88,-0.011560822,0.001452433,1,0.014472033,0.004382768,,,,,0,neutral,0,0,6.88,-0.011560822,0.014472033,0.004382768,0.001452433,1,294.92K,0.0,0.0,False,False,0.0,0.0,0.0,0.0,0.0,0.0,0.0,0.0,0.0,0.0,0.0,0.0,0.0,0.0,0.0
2025-06-05,6.89,6.87,6.98,6.8,513.21K,0.15%,6.89,0.001452433,0.004344685,1,-0.011560822,0.014472033,,,,,0,neutral,0,0,6.89,0.001452433,-0.011560822,0.014472033,0.004344685,1,513.21K,0.0,0.0,False,False,0.0,0.0,0.0,0.0,0.0,0.0,0.0,0.0,0.0,0.0,0.0,0.0,0.0,0.0,0.0
2025-06-06,6.92,6.89,6.95,6.81,187.20K,0.44%,6.92,0.004344685,-0.016023649,0,0.001452433,-0.011560822,,,,,0,neutral,0,0,6.92,0.004344685,0.001452433,-0.011560822,-0.016023649,0,187.20K,0.0,0.0,False,False,0.0,0.0,0.0,0.0,0.0,0.0,0.0,0.0,0.0,0.0,0.0,0.0,0.0,0.0,0.0
2025-06-10,6.81,6.9,6.91,6.8,298.46K,-1.59%,6.81,-0.016023649,0.0,0,0.004344685,0.001452433,,,,,0,neutral,0,0,6.81,-0.016023649,0.004344685,0.001452433,0.0,0,298.46K,0.0,0.0,False,False,0.0,0.0,0.0,0.0,0.0,0.0,0.0,0.0,0.0,0.0,0.0,0.0,0.0,0.0,0.0
2025-06-11,6.81,6.77,6.81,6.7,83.67K,0.00%,6.81,0.0,0.001467352,1,-0.016023649,0.004344685,,,,,0,neutral,0,0,6.81,0.0,-0.016023649,0.004344685,0.001467352,1,83.67K,0.0,0.0,False,False,0.0,0.0,0.0,0.0,0.0,0.0,0.0,0.0,0.0,0.0,0.0,0.0,0.0,0.0,0.0
2025-06-12,6.82,6.8,6.83,6.71,121.43K,0.15%,6.82,0.001467352,0.00438918,1,0.0,-0.016023649,,,,,0,neutral,0,0,6.82,0.001467352,0.0,-0.016023649,0.00438918,1,121.43K,0.0,0.0,False,False,0.0,0.0,0.0,0.0,0.0,0.0,0.0,0.0,0.0,0.0,0.0,0.0,0.0,0.0,0.0
2025-06-13,6.85,6.83,6.86,6.8,109.86K,0.44%,6.85,0.00438918,0.005822433,1,0.001467352,0.0,SNG.RO,operations,Closure of Drobeta Turnu Severin branch,Board approves closing and deregistering the Drobeta Turnu Severin branch.,1,positive,1,1,6.85,0.00438918,0.001467352,0.0,0.005822433,1,109.86K,0.0,0.0,False,False,0.0,0.0,0.0,0.0,0.0,0.0,0.0,0.0,0.0,0.0,0.0,0.0,0.0,0.0,0.0
2025-06-16,6.89,6.86,6.89,6.75,164.23K,0.58%,6.89,0.005822433,0.005788728,1,0.00438918,0.001467352,SNG.RO,rating,Fitch confirms BBB- rating,Fitch Ratings maintains the company’s BBB- rating with negative outlook.,1,positive,1,1,6.89,0.005822433,0.00438918,0.001467352,0.005788728,1,164.23K,0.0,0.0,False,False,0.0,0.0,0.0,0.0,0.0,0.0,0.0,0.0,0.0,0.0,0.0,0.0,0.0,0.0,0.0
2025-06-17,6.93,6.88,6.93,6.75,305.91K,0.58%,6.93,0.005788728,0.001441961,1,0.005822433,0.00438918,,,,,0,neutral,0,0,6.93,0.005788728,0.005822433,0.00438918,0.001441961,1,305.91K,0.0,0.0,False,False,0.0,0.0,0.0,0.0,0.0,0.0,0.0,0.0,0.0,0.0,0.0,0.0,0.0,0.0,0.0
2025-06-18,6.94,6.93,6.94,6.85,109.47K,0.14%,6.94,0.001441961,-0.004332137,0,0.005788728,0.005822433,,,,,0,neutral,0,0,6.94,0.001441961,0.005788728,0.005822433,-0.004332137,0,109.47K,0.0,0.0,False,False,0.0,0.0,0.0,0.0,0.0,0.0,0.0,0.0,0.0,0.0,0.0,0.0,0.0,0.0,0.0
2025-06-19,6.91,6.93,6.93,6.86,156.76K,-0.43%,6.91,-0.004332137,0.012940511,1,0.001441961,0.005788728,,,,,0,neutral,0,0,6.91,-0.004332137,0.001441961,0.005788728,0.012940511,1,156.76K,0.0,0.0,False,False,0.0,0.0,0.0,0.0,0.0,0.0,0.0,0.0,0.0,0.0,0.0,0.0,0.0,0.0,0.0
2025-06-20,7.0,6.9,7.0,6.83,465.67K,1.30%,7.0,0.012940511,0.0,0,-0.004332137,0.001441961,,,,,0,neutral,0,0,7.0,0.012940511,-0.004332137,0.001441961,0.0,0,465.67K,0.0,0.0,False,False,0.0,0.0,0.0,0.0,0.0,0.0,0.0,0.0,0.0,0.0,0.0,0.0,0.0,0.0,0.0
2025-06-23,7.0,6.99,7.0,6.82,1.09M,0.00%,7.0,0.0,0.001427552,1,0.012940511,-0.004332137,,,,,0,neutral,0,0,7.0,0.0,0.012940511,-0.004332137,0.001427552,1,1.09M,0.0,0.0,False,False,0.0,0.0,0.0,0.0,0.0,0.0,0.0,0.0,0.0,0.0,0.0,0.0,0.0,0.0,0.0
2025-06-24,7.01,6.94,7.01,6.85,486.29K,0.14%,7.01,0.001427552,-0.010035927,0,0.0,0.012940511,,,,,0,neutral,0,0,7.01,0.001427552,0.0,0.012940511,-0.010035927,0,486.29K,0.0,0.0,False,False,0.0,0.0,0.0,0.0,0.0,0.0,0.0,0.0,0.0,0.0,0.0,0.0,0.0,0.0,0.0
2025-06-25,6.94,7.01,7.01,6.93,1.08M,-1.00%,6.94,-0.010035927,0.00431345,1,0.001427552,0.0,,,,,0,neutral,0,0,6.94,-0.010035927,0.001427552,0.0,0.00431345,1,1.08M,0.0,0.0,False,False,0.0,0.0,0.0,0.0,0.0,0.0,0.0,0.0,0.0,0.0,0.0,0.0,0.0,0.0,0.0
2025-06-26,6.97,6.94,6.99,6.9,292.33K,0.43%,6.97,0.00431345,-0.00143575,0,-0.010035927,0.001427552,,,,,0,neutral,0,0,6.97,0.00431345,-0.010035927,0.001427552,-0.00143575,0,292.33K,0.0,0.0,False,False,0.0,0.0,0.0,0.0,0.0,0.0,0.0,0.0,0.0,0.0,0.0,0.0,0.0,0.0,0.0
2025-06-27,6.96,6.97,6.98,6.92,153.34K,-0.14%,6.96,-0.00143575,0.007158227,1,0.00431345,-0.010035927,SNG.RO,financing_Iernut,Iernut project financing extended,Addendum to the Iernut financing contract extends availability to 30 June 2026 and updates the schedule.,1,positive,1,1,6.96,-0.00143575,0.00431345,-0.010035927,0.007158227,1,153.34K,0.0,0.0,False,False,0.0,0.0,0.0,0.0,0.0,0.0,0.0,0.0,0.0,0.0,0.0,0.0,0.0,0.0,0.0
2025-06-30,7.01,6.96,7.01,6.91,2.56M,0.72%,7.01,0.007158227,-0.001427552,0,-0.00143575,0.00431345,SNG.RO,AGM_governance,AGM approves KPIs and selection plan,AGM approves KPIs for managers and the selection plan for vacant board positions.,0,neutral,1,1,7.01,0.007158227,-0.00143575,0.00431345,-0.001427552,0,2.56M,0.0,0.0,False,False,0.0,0.0,0.0,0.0,0.0,0.0,0.0,0.0,0.0,0.0,0.0,0.0,0.0,0.0,0.0
2025-07-01,7.0,7.0,7.01,6.95,257.46K,-0.14%,7.0,-0.001427552,-0.015839064,0,0.007158227,-0.00143575,,,,,0,neutral,0,0,7.0,-0.001427552,0.007158227,-0.00143575,-0.015839064,0,257.46K,0.0,0.0,False,False,0.0,0.0,0.0,0.0,0.0,0.0,0.0,0.0,0.0,0.0,0.0,0.0,0.0,0.0,0.0
2025-07-02,6.89,7.0,7.01,6.89,553.96K,-1.57%,6.89,-0.015839064,-0.014620143,0,-0.001427552,0.007158227,,,,,0,neutral,0,0,6.89,-0.015839064,-0.001427552,0.007158227,-0.014620143,0,553.96K,0.0,0.0,False,False,0.0,0.0,0.0,0.0,0.0,0.0,0.0,0.0,0.0,0.0,0.0,0.0,0.0,0.0,0.0
2025-07-03,6.79,6.85,6.89,6.6,249.20K,-1.45%,6.79,-0.014620143,-0.013343415,0,-0.015839064,-0.001427552,,,,,0,neutral,0,0,6.79,-0.014620143,-0.015839064,-0.001427552,-0.013343415,0,249.20K,0.0,0.0,False,False,0.0,0.0,0.0,0.0,0.0,0.0,0.0,0.0,0.0,0.0,0.0,0.0,0.0,0.0,0.0
2025-07-04,6.7,6.8,6.8,6.7,207.32K,-1.33%,6.7,-0.013343415,0.005952399,1,-0.014620143,-0.015839064,,,,,0,neutral,0,0,6.7,-0.013343415,-0.014620143,-0.015839064,0.005952399,1,207.32K,0.0,0.0,False,False,0.0,0.0,0.0,0.0,0.0,0.0,0.0,0.0,0.0,0.0,0.0,0.0,0.0,0.0,0.0
2025-07-07,6.74,6.75,6.76,6.6,270.75K,0.60%,6.74,0.005952399,0.0,0,-0.013343415,-0.014620143,,,,,0,neutral,0,0,6.74,0.005952399,-0.013343415,-0.014620143,0.0,0,270.75K,0.0,0.0,False,False,0.0,0.0,0.0,0.0,0.0,0.0,0.0,0.0,0.0,0.0,0.0,0.0,0.0,0.0,0.0
2025-07-08,6.74,6.73,6.76,6.67,112.48K,0.00%,6.74,0.0,0.007391017,1,0.005952399,-0.013343415,,,,,0,neutral,0,0,6.74,0.0,0.005952399,-0.013343415,0.007391017,1,112.48K,0.0,0.0,False,False,0.0,0.0,0.0,0.0,0.0,0.0,0.0,0.0,0.0,0.0,0.0,0.0,0.0,0.0,0.0
2025-07-09,6.79,6.76,6.8,6.72,44.11K,0.74%,6.79,0.007391017,0.01607047,1,0.0,0.005952399,,,,,0,neutral,0,0,6.79,0.007391017,0.0,0.005952399,0.01607047,1,44.11K,0.0,0.0,False,False,0.0,0.0,0.0,0.0,0.0,0.0,0.0,0.0,0.0,0.0,0.0,0.0,0.0,0.0,0.0
2025-07-10,6.9,6.79,6.9,6.79,173.56K,1.62%,6.9,0.01607047,0.002894358,1,0.007391017,0.0,,,,,0,neutral,0,0,6.9,0.01607047,0.007391017,0.0,0.002894358,1,173.56K,0.0,0.0,False,False,0.0,0.0,0.0,0.0,0.0,0.0,0.0,0.0,0.0,0.0,0.0,0.0,0.0,0.0,0.0
2025-07-11,6.92,6.91,6.98,6.86,153.08K,0.29%,6.92,0.002894358,0.011494379,1,0.01607047,0.007391017,,,,,0,neutral,0,0,6.92,0.002894358,0.01607047,0.007391017,0.011494379,1,153.08K,0.0,0.0,False,False,0.0,0.0,0.0,0.0,0.0,0.0,0.0,0.0,0.0,0.0,0.0,0.0,0.0,0.0,0.0
2025-07-14,7.0,6.96,7.0,6.91,202.16K,1.16%,7.0,0.011494379,0.011363759,1,0.002894358,0.01607047,,,,,0,neutral,0,0,7.0,0.011494379,0.002894358,0.01607047,0.011363759,1,202.16K,0.0,0.0,False,False,0.0,0.0,0.0,0.0,0.0,0.0,0.0,0.0,0.0,0.0,0.0,0.0,0.0,0.0,0.0
2025-07-15,7.08,7.0,7.15,6.98,421.70K,1.14%,7.08,0.011363759,0.03060044,1,0.011494379,0.002894358,,,,,0,neutral,0,0,7.08,0.011363759,0.011494379,0.002894358,0.03060044,1,421.70K,0.0,0.0,False,False,0.0,0.0,0.0,0.0,0.0,0.0,0.0,0.0,0.0,0.0,0.0,0.0,0.0,0.0,0.0
2025-07-16,7.3,7.09,7.35,7.05,304.69K,3.11%,7.3,0.03060044,0.024358444,1,0.011363759,0.011494379,,,,,0,neutral,0,0,7.3,0.03060044,0.011363759,0.011494379,0.024358444,1,304.69K,0.0,0.0,False,False,0.0,0.0,0.0,0.0,0.0,0.0,0.0,0.0,0.0,0.0,0.0,0.0,0.0,0.0,0.0
2025-07-17,7.48,7.35,7.53,7.35,205.41K,2.47%,7.48,0.024358444,0.013280408,1,0.03060044,0.011363759,,,,,0,neutral,0,0,7.48,0.024358444,0.03060044,0.011363759,0.013280408,1,205.41K,0.0,0.0,False,False,0.0,0.0,0.0,0.0,0.0,0.0,0.0,0.0,0.0,0.0,0.0,0.0,0.0,0.0,0.0
2025-07-18,7.58,7.51,7.73,7.5,327.58K,1.34%,7.58,0.013280408,-0.010610179,0,0.024358444,0.03060044,,,,,0,neutral,0,0,7.58,0.013280408,0.024358444,0.03060044,-0.010610179,0,327.58K,0.0,0.0,False,False,0.0,0.0,0.0,0.0,0.0,0.0,0.0,0.0,0.0,0.0,0.0,0.0,0.0,0.0,0.0
2025-07-21,7.5,7.58,7.6,7.45,253.65K,-1.06%,7.5,-0.010610179,-0.020202707,0,0.013280408,0.024358444,,,,,0,neutral,0,0,7.5,-0.010610179,0.013280408,0.024358444,-0.020202707,0,253.65K,0.0,0.0,False,False,0.0,0.0,0.0,0.0,0.0,0.0,0.0,0.0,0.0,0.0,0.0,0.0,0.0,0.0,0.0
2025-07-22,7.35,7.49,7.54,7.35,292.04K,-2.00%,7.35,-0.020202707,-0.009569451,0,-0.010610179,0.013280408,,,,,0,neutral,0,0,7.35,-0.020202707,-0.010610179,0.013280408,-0.009569451,0,292.04K,0.0,0.0,False,False,0.0,0.0,0.0,0.0,0.0,0.0,0.0,0.0,0.0,0.0,0.0,0.0,0.0,0.0,0.0
2025-07-23,7.28,7.41,7.41,7.24,253.40K,-0.95%,7.28,-0.009569451,0.017699577,1,-0.020202707,-0.010610179,,,,,0,neutral,0,0,7.28,-0.009569451,-0.020202707,-0.010610179,0.017699577,1,253.40K,0.0,0.0,False,False,0.0,0.0,0.0,0.0,0.0,0.0,0.0,0.0,0.0,0.0,0.0,0.0,0.0,0.0,0.0
2025-07-24,7.41,7.38,7.46,7.35,480.07K,1.79%,7.41,0.017699577,0.017391743,1,-0.009569451,-0.020202707,,,,,0,neutral,0,0,7.41,0.017699577,-0.009569451,-0.020202707,0.017391743,1,480.07K,0.0,0.0,False,False,0.0,0.0,0.0,0.0,0.0,0.0,0.0,0.0,0.0,0.0,0.0,0.0,0.0,0.0,0.0
2025-07-25,7.54,7.44,7.55,7.41,146.63K,1.75%,7.54,0.017391743,0.001325381,1,0.017699577,-0.009569451,,,,,0,neutral,0,0,7.54,0.017391743,0.017699577,-0.009569451,0.001325381,1,146.63K,0.0,0.0,False,False,0.0,0.0,0.0,0.0,0.0,0.0,0.0,0.0,0.0,0.0,0.0,0.0,0.0,0.0,0.0
2025-07-28,7.55,7.54,7.64,7.35,448.62K,0.13%,7.55,0.001325381,0.010540282,1,0.017391743,0.017699577,,,,,0,neutral,0,0,7.55,0.001325381,0.017391743,0.017699577,0.010540282,1,448.62K,0.0,0.0,False,False,0.0,0.0,0.0,0.0,0.0,0.0,0.0,0.0,0.0,0.0,0.0,0.0,0.0,0.0,0.0
2025-07-29,7.63,7.55,7.69,7.55,146.33K,1.06%,7.63,0.010540282,0.022035888,1,0.001325381,0.017391743,,,,,0,neutral,0,0,7.63,0.010540282,0.001325381,0.017391743,0.022035888,1,146.33K,0.0,0.0,False,False,0.0,0.0,0.0,0.0,0.0,0.0,0.0,0.0,0.0,0.0,0.0,0.0,0.0,0.0,0.0
2025-07-30,7.8,7.66,7.8,7.66,244.16K,2.23%,7.8,0.022035888,0.019048195,1,0.010540282,0.001325381,SNG.RO,governance,KPI addenda and Risk Committee updated,Board signs KPI addenda to directors’ mandates and sets a new Risk Management Committee.,1,positive,1,1,7.8,0.022035888,0.010540282,0.001325381,0.019048195,1,244.16K,2.0,1.0,True,True,0.4736842105263157,0.4736842105263157,0.4736842105263157,0.4736842105263157,0.0,0.6226415094339622,0.6226415094339622,0.6226415094339622,0.6226415094339622,0.0,10.75,-2.5,28.0,10.0,0.0108540417023707
2025-07-31,7.95,7.8,8.12,7.8,762.69K,1.92%,7.95,0.019048195,0.0,0,0.022035888,0.010540282,,,,,0,neutral,0,0,7.95,0.019048195,0.022035888,0.010540282,0.0,0,762.69K,4.0,2.0,True,True,0.8064516129032258,1.6129032258064515,1.0,0.6129032258064516,0.2737187540076958,0.8064516129032258,1.6129032258064515,1.0,0.6129032258064516,0.2737187540076958,7.0,-1.5,28.0,6.0,0.0083583107264888
2025-08-01,7.95,8.07,8.1,7.88,200.56K,0.00%,7.95,0.0,0.001257071,1,0.019048195,0.022035888,,,,,0,neutral,0,0,7.95,0.0,0.019048195,0.022035888,0.001257071,1,200.56K,2.0,1.0,True,True,0.6363636363636364,0.6363636363636364,0.6363636363636364,0.6363636363636364,0.0,0.7468354430379747,0.7468354430379747,0.7468354430379747,0.7468354430379747,0.0,17.25,-2.5,45.0,10.0,0.0116797621575706
2025-08-04,7.96,7.99,8.04,7.95,189.21K,0.13%,7.96,0.001257071,0.005012542,1,0.0,0.019048195,,,,,0,neutral,0,0,7.96,0.001257071,0.0,0.019048195,0.005012542,1,189.21K,0.0,0.0,False,False,0.0,0.0,0.0,0.0,0.0,0.0,0.0,0.0,0.0,0.0,0.0,0.0,0.0,0.0,0.0
2025-08-05,8.0,7.98,8.05,7.95,158.05K,0.50%,8.0,0.005012542,0.003742986,1,0.001257071,0.0,,,,,0,neutral,0,0,8.0,0.005012542,0.001257071,0.0,0.003742986,1,158.05K,0.0,0.0,False,False,0.0,0.0,0.0,0.0,0.0,0.0,0.0,0.0,0.0,0.0,0.0,0.0,0.0,0.0,0.0
2025-08-06,8.03,8.0,8.04,7.98,130.23K,0.37%,8.03,0.003742986,0.031865441,1,0.005012542,0.001257071,,,,,0,neutral,0,0,8.03,0.003742986,0.005012542,0.001257071,0.031865441,1,130.23K,2.0,1.0,True,True,0.0,0.0,0.0,0.0,0.0,0.0,0.0,0.0,0.0,0.0,0.25,-0.25,1.0,1.0,0.0097560975609756
2025-08-07,8.29,8.04,8.32,8.04,466.67K,3.24%,8.29,0.031865441,-0.003625382,0,0.003742986,0.005012542,,,,,0,neutral,0,0,8.29,0.031865441,0.003742986,0.005012542,-0.003625382,0,466.67K,2.0,1.0,True,True,-0.3333333333333333,-0.3333333333333333,-0.3333333333333333,-0.3333333333333333,0.0,-0.3333333333333333,-0.3333333333333333,-0.3333333333333333,-0.3333333333333333,0.0,0.25,-0.5,1.0,2.0,0.0137614678899082
2025-08-08,8.26,8.31,8.61,8.25,466.97K,-0.36%,8.26,-0.003625382,0.010836951,1,0.031865441,0.003742986,,,,,0,neutral,0,0,8.26,-0.003625382,0.031865441,0.003742986,0.010836951,1,466.97K,0.0,0.0,False,False,0.0,0.0,0.0,0.0,0.0,0.0,0.0,0.0,0.0,0.0,0.0,0.0,0.0,0.0,0.0
2025-08-11,8.35,8.27,8.37,8.25,256.22K,1.09%,8.35,0.010836951,-0.00841857,0,-0.003625382,0.031865441,,,,,0,neutral,0,0,8.35,0.010836951,-0.003625382,0.031865441,-0.00841857,0,256.22K,2.0,1.0,True,True,0.0,0.0,0.0,0.0,0.0,0.0,0.0,0.0,0.0,0.0,0.25,-0.25,1.0,1.0,0.0080321285140562
2025-08-12,8.28,8.35,8.38,8.28,262.09K,-0.84%,8.28,-0.00841857,0.035590945,1,0.010836951,-0.003625382,,,,,0,neutral,0,0,8.28,-0.00841857,0.010836951,-0.003625382,0.035590945,1,262.09K,2.0,0.0,True,False,0.0,0.0,0.0,0.0,0.0,0.0,0.0,0.0,0.0,0.0,0.0,0.0,0.0,0.0,0.0
2025-08-13,8.58,8.34,8.59,8.31,246.00K,3.62%,8.58,0.035590945,-0.01408474,0,-0.00841857,0.010836951,,,,,0,neutral,0,0,8.58,0.035590945,-0.00841857,0.010836951,-0.01408474,0,246.00K,2.0,1.0,True,True,0.6666666666666666,0.6666666666666666,0.6666666666666666,0.6666666666666666,0.0,0.6666666666666666,0.6666666666666666,0.6666666666666666,0.6666666666666666,0.0,1.25,-0.25,5.0,1.0,0.006514657980456
2025-08-14,8.46,8.58,8.58,8.42,377.26K,-1.40%,8.46,-0.01408474,-0.010695289,0,0.035590945,-0.00841857,,,,,0,neutral,0,0,8.46,-0.01408474,0.035590945,-0.00841857,-0.010695289,0,377.26K,6.0,5.0,True,True,0.5819382950312741,2.9096914751563707,0.7777777777777778,0.0,0.3323677491969578,0.6879219603260351,3.4396098016301755,0.9393939393939394,0.0,0.396456364910541,240.5,-33.25,462.0,102.0,0.0135078662610932
2025-08-18,8.37,8.5,8.5,8.26,1.36M,-1.06%,8.37,-0.010695289,-0.013229297,0,-0.01408474,0.035590945,,,,,0,neutral,0,0,8.37,-0.010695289,-0.01408474,0.035590945,-0.013229297,0,1.36M,2.0,1.0,True,True,0.0,0.0,0.0,0.0,0.0,0.0,0.0,0.0,0.0,0.0,0.25,-0.25,1.0,1.0,0.0087719298245614
2025-08-19,8.26,8.4,8.58,8.26,412.29K,-1.31%,8.26,-0.013229297,0.019185241,1,-0.010695289,-0.01408474,,,,,0,neutral,0,0,8.26,-0.013229297,-0.010695289,-0.01408474,0.019185241,1,412.29K,0.0,0.0,False,False,0.0,0.0,0.0,0.0,0.0,0.0,0.0,0.0,0.0,0.0,0.0,0.0,0.0,0.0,0.0
2025-08-20,8.42,8.27,8.43,8.27,101.89K,1.94%,8.42,0.019185241,0.00237248,1,-0.013229297,-0.010695289,,,,,0,neutral,0,0,8.42,0.019185241,-0.013229297,-0.010695289,0.00237248,1,101.89K,2.0,1.0,True,True,0.0,0.0,0.0,0.0,0.0,0.0,0.0,0.0,0.0,0.0,0.25,-0.25,1.0,1.0,0.0080971659919028
2025-08-21,8.44,8.48,8.5,8.42,554.29K,0.24%,8.44,0.00237248,0.005906692,1,0.019185241,-0.013229297,,,,,0,neutral,0,0,8.44,0.00237248,0.019185241,-0.013229297,0.005906692,1,554.29K,0.0,0.0,False,False,0.0,0.0,0.0,0.0,0.0,0.0,0.0,0.0,0.0,0.0,0.0,0.0,0.0,0.0,0.0
2025-08-22,8.49,8.41,8.49,8.41,677.35K,0.59%,8.49,0.005906692,-0.01184848,0,0.00237248,0.019185241,,,,,0,neutral,0,0,8.49,0.005906692,0.00237248,0.019185241,-0.01184848,0,677.35K,0.0,0.0,False,False,0.0,0.0,0.0,0.0,0.0,0.0,0.0,0.0,0.0,0.0,0.0,0.0,0.0,0.0,0.0
2025-08-25,8.39,8.49,8.5,8.39,131.75K,-1.18%,8.39,-0.01184848,-0.022906366,0,0.005906692,0.00237248,,,,,0,neutral,0,0,8.39,-0.01184848,0.005906692,0.00237248,-0.022906366,0,131.75K,2.0,1.0,True,True,0.0,0.0,0.0,0.0,0.0,0.0,0.0,0.0,0.0,0.0,0.25,-0.25,1.0,1.0,0.0089285714285714
2025-08-26,8.2,8.42,8.48,8.2,406.98K,-2.26%,8.2,-0.022906366,-0.009804,0,-0.01184848,0.005906692,,,,,0,neutral,0,0,8.2,-0.022906366,-0.01184848,0.005906692,-0.009804,0,406.98K,0.0,0.0,False,False,0.0,0.0,0.0,0.0,0.0,0.0,0.0,0.0,0.0,0.0,0.0,0.0,0.0,0.0,0.0
2025-08-27,8.12,8.22,8.28,8.1,217.91K,-0.98%,8.12,-0.009804,-0.004938282,0,-0.022906366,-0.01184848,,,,,0,neutral,0,0,8.12,-0.009804,-0.022906366,-0.01184848,-0.004938282,0,217.91K,0.0,0.0,False,False,0.0,0.0,0.0,0.0,0.0,0.0,0.0,0.0,0.0,0.0,0.0,0.0,0.0,0.0,0.0
2025-08-28,8.08,8.17,8.17,8.06,147.92K,-0.49%,8.08,-0.004938282,-0.012453461,0,-0.009804,-0.022906366,,,,,0,neutral,0,0,8.08,-0.004938282,-0.009804,-0.022906366,-0.012453461,0,147.92K,2.0,1.0,True,True,0.0,0.0,0.0,0.0,0.0,0.0,0.0,0.0,0.0,0.0,0.25,-0.25,1.0,1.0,0.0087719298245614
2025-08-29,7.98,8.1,8.11,7.98,318.95K,-1.24%,7.98,-0.012453461,-0.026668247,0,-0.004938282,-0.009804,,,,,0,neutral,0,0,7.98,-0.012453461,-0.004938282,-0.009804,-0.026668247,0,318.95K,0.0,0.0,False,False,0.0,0.0,0.0,0.0,0.0,0.0,0.0,0.0,0.0,0.0,0.0,0.0,0.0,0.0,0.0
2025-09-01,7.77,7.98,8.0,7.65,512.07K,-2.63%,7.77,-0.026668247,-0.010349381,0,-0.012453461,-0.004938282,,,,,0,neutral,0,0,7.77,-0.026668247,-0.012453461,-0.004938282,-0.010349381,0,512.07K,0.0,0.0,False,False,0.0,0.0,0.0,0.0,0.0,0.0,0.0,0.0,0.0,0.0,0.0,0.0,0.0,0.0,0.0
2025-09-02,7.69,7.75,7.75,7.68,287.98K,-1.03%,7.69,-0.010349381,0.025675351,1,-0.026668247,-0.012453461,,,,,0,neutral,0,0,7.69,-0.010349381,-0.026668247,-0.012453461,0.025675351,1,287.98K,0.0,0.0,False,False,0.0,0.0,0.0,0.0,0.0,0.0,0.0,0.0,0.0,0.0,0.0,0.0,0.0,0.0,0.0
2025-09-03,7.89,7.69,8.0,7.68,390.68K,2.60%,7.89,0.025675351,-0.007633625,0,-0.010349381,-0.026668247,,,,,0,neutral,0,0,7.89,0.025675351,-0.010349381,-0.026668247,-0.007633625,0,390.68K,0.0,0.0,False,False,0.0,0.0,0.0,0.0,0.0,0.0,0.0,0.0,0.0,0.0,0.0,0.0,0.0,0.0,0.0
2025-09-04,7.83,7.91,8.05,7.83,248.51K,-0.76%,7.83,-0.007633625,0.012690526,1,0.025675351,-0.010349381,SNG.RO,corporate_structure,Romgaz Trading SRL in Moldova approved,"EGM approves setting up Romgaz Trading SRL in Chișinău, Republic of Moldova.",1,positive,1,1,7.83,-0.007633625,0.025675351,-0.010349381,0.012690526,1,248.51K,2.0,1.0,True,True,0.3333333333333333,0.3333333333333333,0.3333333333333333,0.3333333333333333,0.0,0.3333333333333333,0.3333333333333333,0.3333333333333333,0.3333333333333333,0.0,1.0,-0.5,4.0,2.0,0.0044020542920029
2025-09-05,7.93,7.94,8.0,7.85,170.18K,1.28%,7.93,0.012690526,-0.00126183,0,-0.007633625,0.025675351,,,,,0,neutral,0,0,7.93,0.012690526,-0.007633625,0.025675351,-0.00126183,0,170.18K,0.0,0.0,False,False,0.0,0.0,0.0,0.0,0.0,0.0,0.0,0.0,0.0,0.0,0.0,0.0,0.0,0.0,0.0
2025-09-08,7.92,7.93,7.99,7.88,70.02K,-0.13%,7.92,-0.00126183,-0.015267472,0,0.012690526,-0.007633625,,,,,0,neutral,0,0,7.92,-0.00126183,0.012690526,-0.007633625,-0.015267472,0,70.02K,0.0,0.0,False,False,0.0,0.0,0.0,0.0,0.0,0.0,0.0,0.0,0.0,0.0,0.0,0.0,0.0,0.0,0.0
2025-09-09,7.8,7.93,7.98,7.8,194.97K,-1.52%,7.8,-0.015267472,0.0,0,-0.00126183,0.012690526,SNG.RO,strategy_renewables,MoU with Electrica on renewables,Romgaz and Electrica sign a memorandum to develop up to 400 MW of renewables and storage.,1,positive,1,1,7.8,-0.015267472,-0.00126183,0.012690526,0.0,0,194.97K,2.0,1.0,True,True,0.7142857142857143,0.7142857142857143,0.7142857142857143,0.7142857142857143,0.0,0.8333333333333334,0.8333333333333334,0.8333333333333334,0.8333333333333334,0.0,2.75,-0.25,6.0,1.0,0.0119453924914675
2025-09-10,7.8,7.91,7.91,7.75,262.62K,0.00%,7.8,0.0,0.007662873,1,-0.015267472,-0.00126183,,,,,0,neutral,0,0,7.8,0.0,-0.015267472,-0.00126183,0.007662873,1,262.62K,0.0,0.0,False,False,0.0,0.0,0.0,0.0,0.0,0.0,0.0,0.0,0.0,0.0,0.0,0.0,0.0,0.0,0.0
2025-09-11,7.86,7.84,7.88,7.8,104.00K,0.77%,7.86,0.007662873,0.005076153,1,0.0,-0.015267472,SNG.RO,project_Iernut,Decision to terminate Iernut CCGT contract,Board agrees to terminate the Iernut CCGT construction contract due to contractor non-compliance.,1,positive,1,1,7.86,0.007662873,0.0,-0.015267472,0.005076153,1,104.00K,4.0,2.0,True,True,0.2777777777777778,0.5555555555555556,0.5555555555555556,0.0,0.3928371006591931,0.3431372549019608,0.6862745098039216,0.6862745098039216,0.0,0.4852693596378267,11.0,-2.25,29.0,9.0,0.008364954886584
2025-09-12,7.9,7.87,7.91,7.85,260.82K,0.51%,7.9,0.005076153,0.002528446,1,0.007662873,0.0,,,,,0,neutral,0,0,7.9,0.005076153,0.007662873,0.0,0.002528446,1,260.82K,0.0,0.0,False,False,0.0,0.0,0.0,0.0,0.0,0.0,0.0,0.0,0.0,0.0,0.0,0.0,0.0,0.0,0.0
2025-09-15,7.92,7.88,7.92,7.84,187.47K,0.25%,7.92,0.002528446,-0.010152371,0,0.005076153,0.007662873,,,,,0,neutral,0,0,7.92,0.002528446,0.005076153,0.007662873,-0.010152371,0,187.47K,2.0,1.0,True,True,0.0,0.0,0.0,0.0,0.0,0.0,0.0,0.0,0.0,0.0,0.25,-0.25,1.0,1.0,0.0087719298245614
2025-09-16,7.84,7.92,8.0,7.84,189.70K,-1.01%,7.84,-0.010152371,0.010152371,1,0.002528446,0.005076153,,,,,0,neutral,0,0,7.84,-0.010152371,0.002528446,0.005076153,0.010152371,1,189.70K,0.0,0.0,False,False,0.0,0.0,0.0,0.0,0.0,0.0,0.0,0.0,0.0,0.0,0.0,0.0,0.0,0.0,0.0
2025-09-17,7.92,7.95,7.95,7.86,162.20K,1.02%,7.92,0.010152371,0.003780723,1,-0.010152371,0.002528446,,,,,0,neutral,0,0,7.92,0.010152371,-0.010152371,0.002528446,0.003780723,1,162.20K,0.0,0.0,False,False,0.0,0.0,0.0,0.0,0.0,0.0,0.0,0.0,0.0,0.0,0.0,0.0,0.0,0.0,0.0
2025-09-18,7.95,7.94,7.98,7.92,119.63K,0.38%,7.95,0.003780723,0.003766483,1,0.010152371,-0.010152371,SNG.RO,financing_EMTN,Updated EMTN base prospectus approved,Board approves updating the EMTN base prospectus and filing it to the Luxembourg regulator.,1,positive,1,1,7.95,0.003780723,0.010152371,-0.010152371,0.003766483,1,119.63K,0.0,0.0,False,False,0.0,0.0,0.0,0.0,0.0,0.0,0.0,0.0,0.0,0.0,0.0,0.0,0.0,0.0,0.0
2025-09-19,7.98,7.95,8.1,7.95,134.70K,0.38%,7.98,0.003766483,0.030847603,1,0.003780723,0.010152371,,,,,0,neutral,0,0,7.98,0.003766483,0.003780723,0.010152371,0.030847603,1,134.70K,4.0,2.0,True,True,0.0,0.0,0.0,0.0,0.0,0.1666666666666666,0.3333333333333333,0.3333333333333333,0.0,0.2357022603955158,0.75,-0.5,2.0,2.0,0.0079195338168743
2025-09-22,8.23,8.0,8.27,8.0,614.14K,3.13%,8.23,0.030847603,-0.025847593,0,0.003766483,0.003780723,SNG.RO,digitalization,Digital well monitoring contract with Weatherford,"Romgaz signs an eight-year contract for a cloud-based, AI-supported well monitoring system.",-1,negative,1,1,8.23,0.030847603,0.003766483,0.003780723,-0.025847593,0,614.14K,4.0,2.0,True,True,0.375,0.75,0.75,0.0,0.5303300858899106,0.4090909090909091,0.8181818181818182,0.8181818181818182,0.0,0.5785419118799026,2.75,-0.5,8.0,2.0,0.0119889953642551
2025-09-23,8.02,8.23,8.25,8.02,330.28K,-2.55%,8.02,-0.025847593,0.034317093,1,0.030847603,0.003766483,,,,,0,neutral,0,0,8.02,-0.025847593,0.030847603,0.003766483,0.034317093,1,330.28K,0.0,0.0,False,False,0.0,0.0,0.0,0.0,0.0,0.0,0.0,0.0,0.0,0.0,0.0,0.0,0.0,0.0,0.0
2025-09-24,8.3,8.16,8.35,8.1,503.97K,3.49%,8.3,0.034317093,0.013165959,1,-0.025847593,0.030847603,,,,,0,neutral,0,0,8.3,0.034317093,-0.025847593,0.030847603,0.013165959,1,503.97K,0.0,0.0,False,False,0.0,0.0,0.0,0.0,0.0,0.0,0.0,0.0,0.0,0.0,0.0,0.0,0.0,0.0,0.0
2025-09-25,8.41,8.32,8.48,8.32,283.12K,1.33%,8.41,0.013165959,0.004744967,1,0.034317093,-0.025847593,,,,,0,neutral,0,0,8.41,0.013165959,0.034317093,-0.025847593,0.004744967,1,283.12K,2.0,1.0,True,True,0.0,0.0,0.0,0.0,0.0,0.0,0.0,0.0,0.0,0.0,0.25,-0.25,1.0,1.0,0.008130081300813
2025-09-26,8.45,8.42,8.46,8.41,168.28K,0.48%,8.45,0.004744967,0.003544008,1,0.013165959,0.034317093,,,,,0,neutral,0,0,8.45,0.004744967,0.013165959,0.034317093,0.003544008,1,168.28K,0.0,0.0,False,False,0.0,0.0,0.0,0.0,0.0,0.0,0.0,0.0,0.0,0.0,0.0,0.0,0.0,0.0,0.0
2025-09-29,8.48,8.45,8.48,8.39,253.09K,0.36%,8.48,0.003544008,0.003531493,1,0.004744967,0.013165959,,,,,0,neutral,0,0,8.48,0.003544008,0.004744967,0.013165959,0.003531493,1,253.09K,2.0,1.0,True,True,0.0,0.0,0.0,0.0,0.0,0.0,0.0,0.0,0.0,0.0,0.25,-0.25,1.0,1.0,0.0088495575221238
2025-09-30,8.51,8.49,8.51,8.33,879.68K,0.35%,8.51,0.003531493,-0.005892769,0,0.003544008,0.004744967,,,,,0,neutral,0,0,8.51,0.003531493,0.003544008,0.004744967,-0.005892769,0,879.68K,0.0,0.0,False,False,0.0,0.0,0.0,0.0,0.0,0.0,0.0,0.0,0.0,0.0,0.0,0.0,0.0,0.0,0.0
2025-10-01,8.46,8.5,8.52,8.46,101.57K,-0.59%,8.46,-0.005892769,0.007067167,1,0.003531493,0.003544008,,,,,0,neutral,0,0,8.46,-0.005892769,0.003531493,0.003544008,0.007067167,1,101.57K,0.0,0.0,False,False,0.0,0.0,0.0,0.0,0.0,0.0,0.0,0.0,0.0,0.0,0.0,0.0,0.0,0.0,0.0
2025-10-02,8.52,8.49,8.57,8.45,147.64K,0.71%,8.52,0.007067167,0.012828164,1,-0.005892769,0.003531493,,,,,0,neutral,0,0,8.52,0.007067167,-0.005892769,0.003531493,0.012828164,1,147.64K,0.0,0.0,False,False,0.0,0.0,0.0,0.0,0.0,0.0,0.0,0.0,0.0,0.0,0.0,0.0,0.0,0.0,0.0
2025-10-03,8.63,8.54,8.64,8.5,182.61K,1.29%,8.63,0.012828164,0.003470217,1,0.007067167,-0.005892769,,,,,0,neutral,0,0,8.63,0.012828164,0.007067167,-0.005892769,0.003470217,1,182.61K,0.0,0.0,False,False,0.0,0.0,0.0,0.0,0.0,0.0,0.0,0.0,0.0,0.0,0.0,0.0,0.0,0.0,0.0
2025-10-06,8.66,8.64,8.66,8.48,189.84K,0.35%,8.66,0.003470217,-0.003470217,0,0.012828164,0.007067167,,,,,0,neutral,0,0,8.66,0.003470217,0.012828164,0.007067167,-0.003470217,0,189.84K,0.0,0.0,False,False,0.0,0.0,0.0,0.0,0.0,0.0,0.0,0.0,0.0,0.0,0.0,0.0,0.0,0.0,0.0
2025-10-07,8.63,8.65,8.65,8.6,228.55K,-0.35%,8.63,-0.003470217,-0.002320187,0,0.003470217,0.012828164,,,,,0,neutral,0,0,8.63,-0.003470217,0.003470217,0.012828164,-0.002320187,0,228.55K,0.0,0.0,False,False,0.0,0.0,0.0,0.0,0.0,0.0,0.0,0.0,0.0,0.0,0.0,0.0,0.0,0.0,0.0
2025-10-08,8.61,8.59,8.64,8.57,99.43K,-0.23%,8.61,-0.002320187,-0.001162115,0,-0.003470217,0.003470217,,,,,0,neutral,0,0,8.61,-0.002320187,-0.003470217,0.003470217,-0.001162115,0,99.43K,0.0,0.0,False,False,0.0,0.0,0.0,0.0,0.0,0.0,0.0,0.0,0.0,0.0,0.0,0.0,0.0,0.0,0.0
2025-10-09,8.6,8.61,8.64,8.56,164.17K,-0.12%,8.6,-0.001162115,0.001162115,1,-0.002320187,-0.003470217,,,,,0,neutral,0,0,8.6,-0.001162115,-0.002320187,-0.003470217,0.001162115,1,164.17K,2.0,1.0,True,True,0.5555555555555556,0.5555555555555556,0.5555555555555556,0.5555555555555556,0.0,0.6862745098039216,0.6862745098039216,0.6862745098039216,0.6862745098039216,0.0,10.75,-2.0,28.0,8.0,0.010371650821089
2025-10-10,8.61,8.6,8.64,8.56,186.79K,0.12%,8.61,0.001162115,-0.001162115,0,-0.001162115,-0.002320187,,,,,0,neutral,0,0,8.61,0.001162115,-0.001162115,-0.002320187,-0.001162115,0,186.79K,0.0,0.0,False,False,0.0,0.0,0.0,0.0,0.0,0.0,0.0,0.0,0.0,0.0,0.0,0.0,0.0,0.0,0.0
2025-10-13,8.6,8.56,8.61,8.52,397.84K,-0.12%,8.6,-0.001162115,-0.001163467,0,0.001162115,-0.001162115,SNG.RO,project_Iernut,Iernut CCGT contract effectively terminated,The Iernut CCGT design and construction contract officially ends after the earlier termination decision.,-1,negative,1,1,8.6,-0.001162115,0.001162115,-0.001162115,-0.001163467,0,397.84K,4.0,2.0,True,True,0.25,0.5,0.5,0.0,0.3535533905932738,0.25,0.5,0.5,0.0,0.3535533905932738,1.0,-0.5,4.0,2.0,0.0108612936700103
2025-10-14,8.59,8.6,8.62,8.57,147.24K,-0.12%,8.59,-0.001163467,0.002325582,1,-0.001162115,0.001162115,,,,,0,neutral,0,0,8.59,-0.001163467,-0.001162115,0.001162115,0.002325582,1,147.24K,0.0,0.0,False,False,0.0,0.0,0.0,0.0,0.0,0.0,0.0,0.0,0.0,0.0,0.0,0.0,0.0,0.0,0.0
2025-10-15,8.61,8.6,8.63,8.59,172.69K,0.23%,8.61,0.002325582,0.002320187,1,-0.001163467,-0.001162115,,,,,0,neutral,0,0,8.61,0.002325582,-0.001163467,-0.001162115,0.002320187,1,172.69K,0.0,0.0,False,False,0.0,0.0,0.0,0.0,0.0,0.0,0.0,0.0,0.0,0.0,0.0,0.0,0.0,0.0,0.0
2025-10-16,8.63,8.61,8.65,8.48,595.89K,0.23%,8.63,0.002320187,0.008078521,1,0.002325582,-0.001163467,SNG.RO,litigation_EU,Action filed at CJEU on CO₂ rules,Romgaz brings an action before the EU Court of Justice challenging new EU rules on CO₂ storage obligations.,1,positive,1,1,8.63,0.002320187,0.002325582,-0.001163467,0.008078521,1,595.89K,0.0,0.0,False,False,0.0,0.0,0.0,0.0,0.0,0.0,0.0,0.0,0.0,0.0,0.0,0.0,0.0,0.0,0.0
2025-10-17,8.7,8.65,8.71,8.62,353.79K,0.81%,8.7,0.008078521,0.002296212,1,0.002320187,0.002325582,,,,,0,neutral,0,0,8.7,0.008078521,0.002320187,0.002325582,0.002296212,1,353.79K,2.0,1.0,True,True,0.6666666666666666,0.6666666666666666,0.6666666666666666,0.6666666666666666,0.0,0.6666666666666666,0.6666666666666666,0.6666666666666666,0.6666666666666666,0.0,2.5,-0.5,10.0,2.0,0.0108010801080108
2025-10-20,8.72,8.7,8.74,8.64,249.94K,0.23%,8.72,0.002296212,0.029380644,1,0.008078521,0.002320187,,,,,0,neutral,0,0,8.72,0.002296212,0.008078521,0.002320187,0.029380644,1,249.94K,6.0,3.0,True,True,0.0888888888888888,0.2666666666666666,0.6,-0.3333333333333333,0.4729732589731725,0.1352657004830917,0.4057971014492753,0.7391304347826086,-0.3333333333333333,0.5488781656941251,5.5,-1.5,14.0,6.0,0.0103207390371159
2025-10-21,8.98,8.72,8.98,8.71,280.70K,2.98%,8.98,0.029380644,0.025289968,1,0.002296212,0.008078521,,,,,0,neutral,0,0,8.98,0.029380644,0.002296212,0.008078521,0.025289968,1,280.70K,2.0,1.0,True,True,0.0,0.0,0.0,0.0,0.0,0.0,0.0,0.0,0.0,0.0,0.25,-0.25,1.0,1.0,0.0087336244541484
2025-10-22,9.21,8.99,9.25,8.98,356.30K,2.56%,9.21,0.025289968,0.01615544,1,0.029380644,0.002296212,SNG.RO,ESG_strategy,Decarbonization Strategy approved,Board approves the company’s decarbonization strategy aligned with European climate objectives.,1,positive,1,1,9.21,0.025289968,0.029380644,0.002296212,0.01615544,1,356.30K,0.0,0.0,False,False,0.0,0.0,0.0,0.0,0.0,0.0,0.0,0.0,0.0,0.0,0.0,0.0,0.0,0.0,0.0
2025-10-23,9.36,9.26,9.71,9.26,911.17K,1.63%,9.36,0.01615544,0.014846508,1,0.025289968,0.029380644,,,,,0,neutral,0,0,9.36,0.01615544,0.025289968,0.029380644,0.014846508,1,911.17K,4.0,2.0,True,True,0.1428571428571428,0.2857142857142857,0.2857142857142857,0.0,0.2020305089104421,0.125,0.25,0.25,0.0,0.1767766952966369,2.75,-1.75,10.0,6.0,0.0115836964134656
2025-10-24,9.5,9.41,9.59,9.39,351.50K,1.50%,9.5,0.014846508,0.027000602,1,0.01615544,0.025289968,SNG.RO,rating,Fitch rating review,Fitch again confirms the BBB- rating with negative outlook for Romgaz.,1,positive,1,1,9.5,0.014846508,0.01615544,0.025289968,0.027000602,1,351.50K,0.0,0.0,False,False,0.0,0.0,0.0,0.0,0.0,0.0,0.0,0.0,0.0,0.0,0.0,0.0,0.0,0.0,0.0
2025-10-27,9.76,9.64,9.76,9.61,480.63K,2.74%,9.76,0.027000602,0.024292693,1,0.014846508,0.01615544,,,,,0,neutral,0,0,9.76,0.027000602,0.014846508,0.01615544,0.024292693,1,480.63K,4.0,3.0,True,True,-0.3333333333333333,-1.0,1.0,-1.0,1.1547005383792517,-0.3333333333333333,-1.0,1.0,-1.0,1.1547005383792517,1.25,-1.25,5.0,5.0,0.0169639357757694
2025-10-28,10.0,9.76,10.18,9.76,1.15M,2.46%,10.0,0.024292693,-0.015113638,0,0.027000602,0.014846508,SNG.RO,financing_EMTN,Second EMTN bond issue subscribed,"Romgaz prices a 500m EUR, six-year bond with 4.625% coupon under its EMTN programme.",-1,negative,1,1,10.0,0.024292693,0.027000602,0.014846508,-0.015113638,0,1.15M,6.0,3.0,True,True,0.3864468864468864,1.1593406593406592,0.9285714285714286,0.0,0.4834644494146017,0.4047924689773214,1.2143774069319642,0.951219512195122,0.0,0.4911719704547408,13.25,-2.25,36.0,7.0,0.0141825680204003
2025-10-29,9.85,10.0,10.0,9.65,609.74K,-1.50%,9.85,-0.015113638,-0.01534557,0,0.024292693,0.027000602,,,,,0,neutral,0,0,9.85,-0.015113638,0.024292693,0.027000602,-0.01534557,0,609.74K,4.0,1.0,True,True,0.8,0.8,0.8,0.8,0.0,0.8947368421052632,0.8947368421052632,0.8947368421052632,0.8947368421052632,0.0,4.5,-0.25,9.0,1.0,0.02
2025-10-30,9.7,9.85,9.85,9.51,250.85K,-1.52%,9.7,-0.01534557,-0.014538158,0,-0.015113638,0.024292693,,,,,0,neutral,0,0,9.7,-0.01534557,-0.015113638,0.024292693,-0.014538158,0,250.85K,0.0,0.0,False,False,0.0,0.0,0.0,0.0,0.0,0.0,0.0,0.0,0.0,0.0,0.0,0.0,0.0,0.0,0.0
2025-10-31,9.56,9.69,9.7,9.56,291.96K,-1.44%,9.56,-0.014538158,0.013506699,1,-0.01534557,-0.015113638,,,,,0,neutral,0,0,9.56,-0.014538158,-0.01534557,-0.015113638,0.013506699,1,291.96K,2.0,1.0,True,True,0.0,0.0,0.0,0.0,0.0,0.0,0.0,0.0,0.0,0.0,0.25,-0.25,1.0,1.0,0.0087336244541484
2025-11-03,9.69,9.65,9.7,9.54,263.39K,1.36%,9.69,0.013506699,-0.0062112,0,-0.014538158,-0.01534557,,,,,0,neutral,0,0,9.69,0.013506699,-0.014538158,-0.01534557,-0.0062112,0,263.39K,0.0,0.0,False,False,0.0,0.0,0.0,0.0,0.0,0.0,0.0,0.0,0.0,0.0,0.0,0.0,0.0,0.0,0.0
2025-11-04,9.63,9.7,9.7,9.62,379.79K,-0.62%,9.63,-0.0062112,0.0062112,1,0.013506699,-0.014538158,,,,,0,neutral,0,0,9.63,-0.0062112,0.013506699,-0.014538158,0.0062112,1,379.79K,0.0,0.0,False,False,0.0,0.0,0.0,0.0,0.0,0.0,0.0,0.0,0.0,0.0,0.0,0.0,0.0,0.0,0.0
2025-11-05,9.69,9.64,9.69,9.64,118.86K,0.62%,9.69,0.0062112,0.00103146,1,-0.0062112,0.013506699,,,,,0,neutral,0,0,9.69,0.0062112,-0.0062112,0.013506699,0.00103146,1,118.86K,2.0,1.0,True,True,0.0,0.0,0.0,0.0,0.0,0.0,0.0,0.0,0.0,0.0,0.25,-0.25,1.0,1.0,0.0043859649122807
2025-11-06,9.7,9.69,9.75,9.64,413.76K,0.10%,9.7,0.00103146,-0.002063984,0,0.0062112,-0.0062112,,,,,0,neutral,0,0,9.7,0.00103146,0.0062112,-0.0062112,-0.002063984,0,413.76K,0.0,0.0,False,False,0.0,0.0,0.0,0.0,0.0,0.0,0.0,0.0,0.0,0.0,0.0,0.0,0.0,0.0,0.0
2025-11-07,9.68,9.7,9.72,9.62,206.16K,-0.21%,9.68,-0.002063984,0.001032525,1,0.00103146,0.0062112,,,,,0,neutral,0,0,9.68,-0.002063984,0.00103146,0.0062112,0.001032525,1,206.16K,0.0,0.0,False,False,0.0,0.0,0.0,0.0,0.0,0.0,0.0,0.0,0.0,0.0,0.0,0.0,0.0,0.0,0.0
2025-11-10,9.69,9.7,9.74,9.62,182.64K,0.10%,9.69,0.001032525,0.016377029,1,-0.002063984,0.00103146,,,,,0,neutral,0,0,9.69,0.001032525,-0.002063984,0.00103146,0.016377029,1,182.64K,0.0,0.0,False,False,0.0,0.0,0.0,0.0,0.0,0.0,0.0,0.0,0.0,0.0,0.0,0.0,0.0,0.0,0.0
2025-11-11,9.85,9.74,9.86,9.74,224.31K,1.65%,9.85,0.016377029,0.013111635,1,0.001032525,-0.002063984,,,,,0,neutral,0,0,9.85,0.016377029,0.001032525,-0.002063984,0.013111635,1,224.31K,2.0,1.0,True,True,0.3333333333333333,0.3333333333333333,0.3333333333333333,0.3333333333333333,0.0,0.3333333333333333,0.3333333333333333,0.3333333333333333,0.3333333333333333,0.0,0.5,-0.25,2.0,1.0,0.0022505626406601
2025-11-12,9.98,9.86,10.0,9.86,402.84K,1.32%,9.98,0.013111635,0.0,0,0.016377029,0.001032525,,,,,0,neutral,0,0,9.98,0.013111635,0.016377029,0.001032525,0.0,0,402.84K,0.0,0.0,False,False,0.0,0.0,0.0,0.0,0.0,0.0,0.0,0.0,0.0,0.0,0.0,0.0,0.0,0.0,0.0
2025-11-13,9.98,9.99,10.0,9.98,179.45K,0.00%,9.98,0.0,0.0,0,0.013111635,0.016377029,,,,,0,neutral,0,0,9.98,0.0,0.013111635,0.016377029,0.0,0,179.45K,4.0,2.0,True,True,0.2777777777777778,0.5555555555555556,0.5555555555555556,0.0,0.3928371006591931,0.3431372549019608,0.6862745098039216,0.6862745098039216,0.0,0.4852693596378267,11.0,-2.25,29.0,9.0,0.0092132863428655
2025-11-14,9.98,10.0,10.3,9.95,984.58K,0.00%,9.98,0.0,0.013930574,1,0.0,0.013111635,,,,,0,neutral,0,0,9.98,0.0,0.0,0.013111635,,0,984.58K,2.0,2.0,True,True,0.6706766917293233,1.3413533834586466,0.8,0.5413533834586466,0.1828907764873476,0.7986946386946386,1.5973892773892773,0.944055944055944,0.6533333333333333,0.2055719294862148,143.25,-23.75,241.0,65.0,0.0107970647344396
