news_id,title,published_at,published_datetime,published_date,pdf_url,pdf_file,text_file,text_length,status,n_pos,n_neg,sum_pos,sum_neg,simple_index,score_index,total_lemmas,coverage,has_lex_hits
0,Contracte cf. art. 234 lit. i) Reg. 5 din 2018,15.12.2025 14:58:18,2025-12-15 14:58:18,2025-12-15,https://www.bvb.ro/infocont/infocont25/SNG_20251215145610_Current-report---Contracts-acc-to-art-234-letter-i-Reg-5.pdf,bvb_sng_stiri\pdfs\SNG_20251215145610_Current-report---Contracts-acc-to-art-234-letter-i-Reg-5.pdf,bvb_sng_stiri\texts\SNG_20251215145610_Current-report---Contracts-acc-to-art-234-letter-i-Reg-5.txt,1876,ok,0,0,0.0,0.0,0.0,0.0,230,0.0,False
1,Contracte cf. art. 234 lit. i) Reg. 5 din 2018,15.12.2025 14:58:18,2025-12-15 14:58:18,2025-12-15,https://www.bvb.ro/infocont/infocont25/SNG_20251215145610_Raport-curent---Contracte-cf-art-234-lit-i-Reg-5-din-20.pdf,bvb_sng_stiri\pdfs\SNG_20251215145610_Raport-curent---Contracte-cf-art-234-lit-i-Reg-5-din-20.pdf,bvb_sng_stiri\texts\SNG_20251215145610_Raport-curent---Contracte-cf-art-234-lit-i-Reg-5-din-20.txt,1996,ok,1,1,0.25,-0.25,0.0,0.0,248,0.008064516129032258,True
2,ROMGAZ continua angajamentul ferm de investitii in perimetrul Neptun Deep,10.12.2025 15:55:23,2025-12-10 15:55:23,2025-12-10,https://www.bvb.ro/infocont/infocont25/SNG_20251210154737_ROMGAZ-continua-angajamentul-ferm-de-investitii-in-perimetru.pdf,bvb_sng_stiri\pdfs\SNG_20251210154737_ROMGAZ-continua-angajamentul-ferm-de-investitii-in-perimetru.pdf,bvb_sng_stiri\texts\SNG_20251210154737_ROMGAZ-continua-angajamentul-ferm-de-investitii-in-perimetru.txt,4877,ok,13,3,5.75,-0.75,0.625,0.7692307692307693,660,0.024242424242424242,True
3,ROMGAZ continua angajamentul ferm de investitii in perimetrul Neptun Deep,10.12.2025 15:55:23,2025-12-10 15:55:23,2025-12-10,https://www.bvb.ro/infocont/infocont25/SNG_20251210154737_ROMGAZ-remains-strongly-committed-to-invest-in-Neptun-Deep-B.pdf,bvb_sng_stiri\pdfs\SNG_20251210154737_ROMGAZ-remains-strongly-committed-to-invest-in-Neptun-Deep-B.pdf,bvb_sng_stiri\texts\SNG_20251210154737_ROMGAZ-remains-strongly-committed-to-invest-in-Neptun-Deep-B.txt,4328,ok,1,0,0.25,0.0,1.0,1.0,601,0.0016638935108153079,True
4,Contract cf. art. 234 lit. i) Reg. ASF 5 din 2018,10.12.2025 15:45:14,2025-12-10 15:45:14,2025-12-10,https://www.bvb.ro/infocont/infocont25/SNG_20251210154155_Current-report---Contract-acc-to-art-234-letter-i-Reg-5.pdf,bvb_sng_stiri\pdfs\SNG_20251210154155_Current-report---Contract-acc-to-art-234-letter-i-Reg-5.pdf,bvb_sng_stiri\texts\SNG_20251210154155_Current-report---Contract-acc-to-art-234-letter-i-Reg-5.txt,1735,ok,0,0,0.0,0.0,0.0,0.0,209,0.0,False
5,Contract cf. art. 234 lit. i) Reg. ASF 5 din 2018,10.12.2025 15:45:14,2025-12-10 15:45:14,2025-12-10,https://www.bvb.ro/infocont/infocont25/SNG_20251210154155_Raport-curent---Contract-cf-art-234-lit-i-Reg-5-din-201.pdf,bvb_sng_stiri\pdfs\SNG_20251210154155_Raport-curent---Contract-cf-art-234-lit-i-Reg-5-din-201.pdf,bvb_sng_stiri\texts\SNG_20251210154155_Raport-curent---Contract-cf-art-234-lit-i-Reg-5-din-201.txt,1832,ok,1,1,0.25,-0.25,0.0,0.0,223,0.008968609865470852,True
6,Contract cf. art. 234 lit. i) Reg. ASF 5 din 2018,09.12.2025 17:18:41,2025-12-09 17:18:41,2025-12-09,https://www.bvb.ro/infocont/infocont25/SNG_20251209171458_Current-report---Contracts-acc-to-art-234-letter-i-Reg-5-f.pdf,bvb_sng_stiri\pdfs\SNG_20251209171458_Current-report---Contracts-acc-to-art-234-letter-i-Reg-5-f.pdf,bvb_sng_stiri\texts\SNG_20251209171458_Current-report---Contracts-acc-to-art-234-letter-i-Reg-5-f.txt,2897,ok,0,0,0.0,0.0,0.0,0.0,358,0.0,False
7,Contract cf. art. 234 lit. i) Reg. ASF 5 din 2018,09.12.2025 17:18:41,2025-12-09 17:18:41,2025-12-09,https://www.bvb.ro/infocont/infocont25/SNG_20251209171458_Raport-curent---Contracte-cf-art-234-lit-i-Reg-5-din-2018.pdf,bvb_sng_stiri\pdfs\SNG_20251209171458_Raport-curent---Contracte-cf-art-234-lit-i-Reg-5-din-2018.pdf,bvb_sng_stiri\texts\SNG_20251209171458_Raport-curent---Contracte-cf-art-234-lit-i-Reg-5-din-2018.txt,3044,ok,2,3,0.5,-0.75,-0.2,-0.2,350,0.014285714285714285,True
8,Contract cf. art. 234 lit. i) Reg. ASF 5 din 2018,05.12.2025 16:03:19,2025-12-05 16:03:19,2025-12-05,https://www.bvb.ro/infocont/infocont25/SNG_20251205155729_Current-report---Contracts-acc-to-art-234-letter-i-Reg-5-f.pdf,bvb_sng_stiri\pdfs\SNG_20251205155729_Current-report---Contracts-acc-to-art-234-letter-i-Reg-5-f.pdf,bvb_sng_stiri\texts\SNG_20251205155729_Current-report---Contracts-acc-to-art-234-letter-i-Reg-5-f.txt,3290,ok,0,0,0.0,0.0,0.0,0.0,406,0.0,False
9,Contract cf. art. 234 lit. i) Reg. ASF 5 din 2018,05.12.2025 16:03:19,2025-12-05 16:03:19,2025-12-05,https://www.bvb.ro/infocont/infocont25/SNG_20251205155729_Raport-curent---Contracte-cf-art-234-lit-i-Reg-5-din-2018.pdf,bvb_sng_stiri\pdfs\SNG_20251205155729_Raport-curent---Contracte-cf-art-234-lit-i-Reg-5-din-2018.pdf,bvb_sng_stiri\texts\SNG_20251205155729_Raport-curent---Contracte-cf-art-234-lit-i-Reg-5-din-2018.txt,3429,ok,2,5,0.5,-1.25,-0.42857142857142855,-0.42857142857142855,392,0.017857142857142856,True
10,Completare Ordine de zi AGOA 18 decembrie 2025,02.12.2025 18:00:56,2025-12-02 18:00:56,2025-12-02,https://www.bvb.ro/infocont/infocont25/SNG_20251202175539_Completare-Ordine-de-zi-AGOA-18-decembrie-2025.pdf,bvb_sng_stiri\pdfs\SNG_20251202175539_Completare-Ordine-de-zi-AGOA-18-decembrie-2025.pdf,bvb_sng_stiri\texts\SNG_20251202175539_Completare-Ordine-de-zi-AGOA-18-decembrie-2025.txt,10874,ok,1,1,0.25,-0.25,0.0,0.0,1342,0.0014903129657228018,True
11,Completare Ordine de zi AGOA 18 decembrie 2025,02.12.2025 18:00:56,2025-12-02 18:00:56,2025-12-02,https://www.bvb.ro/infocont/infocont25/SNG_20251202175539_Supplement-to-the-OGMS-Agenda-on-December-18-2025.pdf,bvb_sng_stiri\pdfs\SNG_20251202175539_Supplement-to-the-OGMS-Agenda-on-December-18-2025.pdf,bvb_sng_stiri\texts\SNG_20251202175539_Supplement-to-the-OGMS-Agenda-on-December-18-2025.txt,9376,ok,0,0,0.0,0.0,0.0,0.0,1289,0.0,False
12,Contract cf. art. 234 lit. i) Reg. ASF 5 din 2018,27.11.2025 14:20:17,2025-11-27 14:20:17,2025-11-27,https://www.bvb.ro/infocont/infocont25/SNG_20251127141557_Current-report---Contract-acc-to-art-234-letter-i-Reg-5.pdf,bvb_sng_stiri\pdfs\SNG_20251127141557_Current-report---Contract-acc-to-art-234-letter-i-Reg-5.pdf,bvb_sng_stiri\texts\SNG_20251127141557_Current-report---Contract-acc-to-art-234-letter-i-Reg-5.txt,1740,ok,0,0,0.0,0.0,0.0,0.0,212,0.0,False
13,Contract cf. art. 234 lit. i) Reg. ASF 5 din 2018,27.11.2025 14:20:17,2025-11-27 14:20:17,2025-11-27,https://www.bvb.ro/infocont/infocont25/SNG_20251127141557_Raport-curent---Contract-cf-art-234-lit-i-Reg-5-din-201.pdf,bvb_sng_stiri\pdfs\SNG_20251127141557_Raport-curent---Contract-cf-art-234-lit-i-Reg-5-din-201.pdf,bvb_sng_stiri\texts\SNG_20251127141557_Raport-curent---Contract-cf-art-234-lit-i-Reg-5-din-201.txt,1836,ok,1,1,0.25,-0.25,0.0,0.0,226,0.008849557522123894,True
14,Schimbare in componenta Comitetului de Gestionare a Riscurilor,25.11.2025 8:55:06,2025-11-25 08:55:06,2025-11-25,https://www.bvb.ro/infocont/infocont25/SNG_20251125085309_Change-in-the-Risk-Management-Committee-membership.pdf,bvb_sng_stiri\pdfs\SNG_20251125085309_Change-in-the-Risk-Management-Committee-membership.pdf,bvb_sng_stiri\texts\SNG_20251125085309_Change-in-the-Risk-Management-Committee-membership.txt,805,ok,0,0,0.0,0.0,0.0,0.0,105,0.0,False
15,Schimbare in componenta Comitetului de Gestionare a Riscurilor,25.11.2025 8:55:06,2025-11-25 08:55:06,2025-11-25,https://www.bvb.ro/infocont/infocont25/SNG_20251125085309_Schimbare-in-componenta-Comitetului-de-Gestionare-a-Riscuril.pdf,bvb_sng_stiri\pdfs\SNG_20251125085309_Schimbare-in-componenta-Comitetului-de-Gestionare-a-Riscuril.pdf,bvb_sng_stiri\texts\SNG_20251125085309_Schimbare-in-componenta-Comitetului-de-Gestionare-a-Riscuril.txt,847,ok,0,0,0.0,0.0,0.0,0.0,104,0.0,False
16,Contracte cf. art. 234 lit. i) Reg. ASF 5 din 2018,24.11.2025 14:10:22,2025-11-24 14:10:22,2025-11-24,https://www.bvb.ro/infocont/infocont25/SNG_20251124140602_Current-report---Contracts-acc-to-art-234-letter-i-Reg-5.pdf,bvb_sng_stiri\pdfs\SNG_20251124140602_Current-report---Contracts-acc-to-art-234-letter-i-Reg-5.pdf,bvb_sng_stiri\texts\SNG_20251124140602_Current-report---Contracts-acc-to-art-234-letter-i-Reg-5.txt,1851,ok,0,0,0.0,0.0,0.0,0.0,228,0.0,False
17,Contracte cf. art. 234 lit. i) Reg. ASF 5 din 2018,24.11.2025 14:10:22,2025-11-24 14:10:22,2025-11-24,https://www.bvb.ro/infocont/infocont25/SNG_20251124140602_Raport-curent---Contracte-cf-art-234-lit-i-Reg-5-din-20.pdf,bvb_sng_stiri\pdfs\SNG_20251124140602_Raport-curent---Contracte-cf-art-234-lit-i-Reg-5-din-20.pdf,bvb_sng_stiri\texts\SNG_20251124140602_Raport-curent---Contracte-cf-art-234-lit-i-Reg-5-din-20.txt,1971,ok,1,1,0.25,-0.25,0.0,0.0,246,0.008130081300813009,True
18,Alegere Comitete Consultative in cadrul Consiliului de Administratie,21.11.2025 17:18:47,2025-11-21 17:18:47,2025-11-21,https://www.bvb.ro/infocont/infocont25/SNG_20251121171220_Alegere-Comitete-consultative-CA.pdf,bvb_sng_stiri\pdfs\SNG_20251121171220_Alegere-Comitete-consultative-CA.pdf,bvb_sng_stiri\texts\SNG_20251121171220_Alegere-Comitete-consultative-CA.txt,1395,ok,0,0,0.0,0.0,0.0,0.0,167,0.0,False
19,Alegere Comitete Consultative in cadrul Consiliului de Administratie,21.11.2025 17:18:47,2025-11-21 17:18:47,2025-11-21,https://www.bvb.ro/infocont/infocont25/SNG_20251121171220_Election-of-BoD-Advisory-Committees.pdf,bvb_sng_stiri\pdfs\SNG_20251121171220_Election-of-BoD-Advisory-Committees.pdf,bvb_sng_stiri\texts\SNG_20251121171220_Election-of-BoD-Advisory-Committees.txt,1282,ok,0,0,0.0,0.0,0.0,0.0,166,0.0,False
20,Contracte cf. art. 234 lit. i) Reg. ASF 5 din 2018,20.11.2025 15:31:01,2025-11-20 15:31:01,2025-11-20,https://www.bvb.ro/infocont/infocont25/SNG_20251120152535_Current-report---Contracts-acc-to-art-234-letter-i-Reg-5.pdf,bvb_sng_stiri\pdfs\SNG_20251120152535_Current-report---Contracts-acc-to-art-234-letter-i-Reg-5.pdf,bvb_sng_stiri\texts\SNG_20251120152535_Current-report---Contracts-acc-to-art-234-letter-i-Reg-5.txt,1846,ok,0,0,0.0,0.0,0.0,0.0,226,0.0,False
21,Contracte cf. art. 234 lit. i) Reg. ASF 5 din 2018,20.11.2025 15:31:01,2025-11-20 15:31:01,2025-11-20,https://www.bvb.ro/infocont/infocont25/SNG_20251120152535_Raport-curent---Contracte-cf-art-234-lit-i-Reg-5-din-20.pdf,bvb_sng_stiri\pdfs\SNG_20251120152535_Raport-curent---Contracte-cf-art-234-lit-i-Reg-5-din-20.pdf,bvb_sng_stiri\texts\SNG_20251120152535_Raport-curent---Contracte-cf-art-234-lit-i-Reg-5-din-20.txt,1980,ok,1,1,0.25,-0.25,0.0,0.0,246,0.008130081300813009,True
22,Raport trimestrial T3 2025,14.11.2025 8:30:21,2025-11-14 08:30:21,2025-11-14,https://www.bvb.ro/infocont/infocont25/SNG_20251113152113_Q3-2025-Report.pdf,bvb_sng_stiri\pdfs\SNG_20251113152113_Q3-2025-Report.pdf,bvb_sng_stiri\texts\SNG_20251113152113_Q3-2025-Report.txt,119603,ok,36,4,34.75,-1.0,0.8,0.9440559440559441,13245,0.003020007550018875,True
23,Raport trimestrial T3 2025,14.11.2025 8:30:21,2025-11-14 08:30:21,2025-11-14,https://www.bvb.ro/infocont/infocont25/SNG_20251113152113_Raport-trimestrial-T3-2025.pdf,bvb_sng_stiri\pdfs\SNG_20251113152113_Raport-trimestrial-T3-2025.pdf,bvb_sng_stiri\texts\SNG_20251113152113_Raport-trimestrial-T3-2025.txt,132509,ok,205,61,108.5,-22.75,0.5413533834586466,0.6533333333333333,14321,0.018574121918860414,True
24,Contract cf. art. 234 lit. i) Reg. ASF 5 din 2018,13.11.2025 13:54:28,2025-11-13 13:54:28,2025-11-13,https://www.bvb.ro/infocont/infocont25/SNG_20251113135230_Current-report---Contract-acc-to-art-234-letter-i-Reg-5.pdf,bvb_sng_stiri\pdfs\SNG_20251113135230_Current-report---Contract-acc-to-art-234-letter-i-Reg-5.pdf,bvb_sng_stiri\texts\SNG_20251113135230_Current-report---Contract-acc-to-art-234-letter-i-Reg-5.txt,1740,ok,0,0,0.0,0.0,0.0,0.0,212,0.0,False
25,Contract cf. art. 234 lit. i) Reg. ASF 5 din 2018,13.11.2025 13:54:28,2025-11-13 13:54:28,2025-11-13,https://www.bvb.ro/infocont/infocont25/SNG_20251113135230_Raport-curent---Contract-cf-art-234-lit-i-Reg-5-din-201.pdf,bvb_sng_stiri\pdfs\SNG_20251113135230_Raport-curent---Contract-cf-art-234-lit-i-Reg-5-din-201.pdf,bvb_sng_stiri\texts\SNG_20251113135230_Raport-curent---Contract-cf-art-234-lit-i-Reg-5-din-201.txt,1834,ok,1,1,0.25,-0.25,0.0,0.0,226,0.008849557522123894,True
26,Convocare AGOA 18 (19) decembrie 2025,13.11.2025 13:36:57,2025-11-13 13:36:57,2025-11-13,https://www.bvb.ro/infocont/infocont25/SNG_20251113131915_Convocare-AGOA-18-19-decembrie-2025.pdf,bvb_sng_stiri\pdfs\SNG_20251113131915_Convocare-AGOA-18-19-decembrie-2025.pdf,bvb_sng_stiri\texts\SNG_20251113131915_Convocare-AGOA-18-19-decembrie-2025.txt,28903,ok,28,8,10.75,-2.0,0.5555555555555556,0.6862745098039216,3759,0.009577015163607342,True
27,Convocare AGOA 18 (19) decembrie 2025,13.11.2025 13:36:57,2025-11-13 13:36:57,2025-11-13,https://www.bvb.ro/infocont/infocont25/SNG_20251113131915_Notice-of-OGSM-on-December-18-19-2025.pdf,bvb_sng_stiri\pdfs\SNG_20251113131915_Notice-of-OGSM-on-December-18-19-2025.pdf,bvb_sng_stiri\texts\SNG_20251113131915_Notice-of-OGSM-on-December-18-19-2025.txt,26557,ok,0,0,0.0,0.0,0.0,0.0,3834,0.0,False
28,Hotarare AGOA 11.11.2025,11.11.2025 16:08:17,2025-11-11 16:08:17,2025-11-11,https://www.bvb.ro/infocont/infocont25/SNG_20251111155529_Hotarare-AGOA-9-din-11-noiembrie-2025.pdf,bvb_sng_stiri\pdfs\SNG_20251111155529_Hotarare-AGOA-9-din-11-noiembrie-2025.pdf,bvb_sng_stiri\texts\SNG_20251111155529_Hotarare-AGOA-9-din-11-noiembrie-2025.txt,10738,ok,2,1,0.5,-0.25,0.3333333333333333,0.3333333333333333,1333,0.002250562640660165,True
29,Hotarare AGOA 11.11.2025,11.11.2025 16:08:17,2025-11-11 16:08:17,2025-11-11,https://www.bvb.ro/infocont/infocont25/SNG_20251111155529_OGMS-Resolution-no-9-from-November-11-2025.pdf,bvb_sng_stiri\pdfs\SNG_20251111155529_OGMS-Resolution-no-9-from-November-11-2025.pdf,bvb_sng_stiri\texts\SNG_20251111155529_OGMS-Resolution-no-9-from-November-11-2025.txt,10419,ok,0,0,0.0,0.0,0.0,0.0,1356,0.0,False
30,Contracte cf. art. 234 lit. i) Reg. ASF 5 din 2018,05.11.2025 9:27:44,2025-11-05 09:27:44,2025-11-05,https://www.bvb.ro/infocont/infocont25/SNG_20251105092546_Current-report---Contracts-acc-to-art-234-letter-i-Reg-5.pdf,bvb_sng_stiri\pdfs\SNG_20251105092546_Current-report---Contracts-acc-to-art-234-letter-i-Reg-5.pdf,bvb_sng_stiri\texts\SNG_20251105092546_Current-report---Contracts-acc-to-art-234-letter-i-Reg-5.txt,3092,ok,0,0,0.0,0.0,0.0,0.0,394,0.0,False
31,Contracte cf. art. 234 lit. i) Reg. ASF 5 din 2018,05.11.2025 9:27:44,2025-11-05 09:27:44,2025-11-05,https://www.bvb.ro/infocont/infocont25/SNG_20251105092546_Raport-curent---Contracte-cf-art-234-lit-i-Reg-5-din-20.pdf,bvb_sng_stiri\pdfs\SNG_20251105092546_Raport-curent---Contracte-cf-art-234-lit-i-Reg-5-din-20.pdf,bvb_sng_stiri\texts\SNG_20251105092546_Raport-curent---Contracte-cf-art-234-lit-i-Reg-5-din-20.txt,3441,ok,1,1,0.25,-0.25,0.0,0.0,456,0.0043859649122807015,True
32,Contract cf. art. 234 lit. i) Reg. ASF 5 din 2018,31.10.2025 15:00:49,2025-10-31 15:00:49,2025-10-31,https://www.bvb.ro/infocont/infocont25/SNG_20251031145800_Current-report---Contract-acc-to-art-234-letter-i-FSA-Reg.pdf,bvb_sng_stiri\pdfs\SNG_20251031145800_Current-report---Contract-acc-to-art-234-letter-i-FSA-Reg.pdf,bvb_sng_stiri\texts\SNG_20251031145800_Current-report---Contract-acc-to-art-234-letter-i-FSA-Reg.txt,1768,ok,0,0,0.0,0.0,0.0,0.0,215,0.0,False
33,Contract cf. art. 234 lit. i) Reg. ASF 5 din 2018,31.10.2025 15:00:49,2025-10-31 15:00:49,2025-10-31,https://www.bvb.ro/infocont/infocont25/SNG_20251031145800_Raport-curent---Contract-cf-art-234-lit-i-Reg-ASF-5-din.pdf,bvb_sng_stiri\pdfs\SNG_20251031145800_Raport-curent---Contract-cf-art-234-lit-i-Reg-ASF-5-din.pdf,bvb_sng_stiri\texts\SNG_20251031145800_Raport-curent---Contract-cf-art-234-lit-i-Reg-ASF-5-din.txt,1862,ok,1,1,0.25,-0.25,0.0,0.0,229,0.008733624454148471,True
34,Alegere Presedinte CA si Comitete consultative,29.10.2025 11:18:08,2025-10-29 11:18:08,2025-10-29,https://www.bvb.ro/infocont/infocont25/SNG_20251029111457_Alegere-Presedinte-CA-si-Comitete-consultative.pdf,bvb_sng_stiri\pdfs\SNG_20251029111457_Alegere-Presedinte-CA-si-Comitete-consultative.pdf,bvb_sng_stiri\texts\SNG_20251029111457_Alegere-Presedinte-CA-si-Comitete-consultative.txt,1624,ok,0,0,0.0,0.0,0.0,0.0,201,0.0,False
35,Alegere Presedinte CA si Comitete consultative,29.10.2025 11:18:08,2025-10-29 11:18:08,2025-10-29,https://www.bvb.ro/infocont/infocont25/SNG_20251029111458_Election-of-BoD-Chairman-and-Advisory-Committees.pdf,bvb_sng_stiri\pdfs\SNG_20251029111458_Election-of-BoD-Chairman-and-Advisory-Committees.pdf,bvb_sng_stiri\texts\SNG_20251029111458_Election-of-BoD-Chairman-and-Advisory-Committees.txt,1460,ok,0,0,0.0,0.0,0.0,0.0,200,0.0,False
36,Program EMTN - A Doua Emisiune de Obligatiuni,29.10.2025 11:13:35,2025-10-29 11:13:35,2025-10-29,https://www.bvb.ro/infocont/infocont25/SNG_20251029111124_EMTN-Programme---Second-Issue-of-Bonds.pdf,bvb_sng_stiri\pdfs\SNG_20251029111124_EMTN-Programme---Second-Issue-of-Bonds.pdf,bvb_sng_stiri\texts\SNG_20251029111124_EMTN-Programme---Second-Issue-of-Bonds.txt,3274,ok,0,0,0.0,0.0,0.0,0.0,486,0.0,False
37,Program EMTN - A Doua Emisiune de Obligatiuni,29.10.2025 11:13:35,2025-10-29 11:13:35,2025-10-29,https://www.bvb.ro/infocont/infocont25/SNG_20251029111124_Program-EMTN---A-Doua-Emisiune-de-Obligatiuni.pdf,bvb_sng_stiri\pdfs\SNG_20251029111124_Program-EMTN---A-Doua-Emisiune-de-Obligatiuni.pdf,bvb_sng_stiri\texts\SNG_20251029111124_Program-EMTN---A-Doua-Emisiune-de-Obligatiuni.txt,3547,ok,9,1,4.5,-0.25,0.8,0.8947368421052632,500,0.02,True
38,Completare Ordine de zi AGOA 11 noiembrie 2025,28.10.2025 11:37:01,2025-10-28 11:37:01,2025-10-28,https://www.bvb.ro/infocont/infocont25/SNG_20251028111952_Completare-Ordine-de-zi-AGOA-11-noiembrie-2025.pdf,bvb_sng_stiri\pdfs\SNG_20251028111952_Completare-Ordine-de-zi-AGOA-11-noiembrie-2025.pdf,bvb_sng_stiri\texts\SNG_20251028111952_Completare-Ordine-de-zi-AGOA-11-noiembrie-2025.txt,22080,ok,27,1,10.0,-0.25,0.9285714285714286,0.9512195121951219,2852,0.009817671809256662,True
39,Completare Ordine de zi AGOA 11 noiembrie 2025,28.10.2025 11:37:01,2025-10-28 11:37:01,2025-10-28,https://www.bvb.ro/infocont/infocont25/SNG_20251028111952_Supplement-to-the-OGMS-Agenda-on-November-11-2025.pdf,bvb_sng_stiri\pdfs\SNG_20251028111952_Supplement-to-the-OGMS-Agenda-on-November-11-2025.pdf,bvb_sng_stiri\texts\SNG_20251028111952_Supplement-to-the-OGMS-Agenda-on-November-11-2025.txt,20301,ok,0,0,0.0,0.0,0.0,0.0,2787,0.0,False
40,Solicitare completare ordine de zi AGOA 11 noiembrie 2025,28.10.2025 9:11:31,2025-10-28 09:11:31,2025-10-28,https://www.bvb.ro/infocont/infocont25/SNG_20251028090751_Request-for-supplementing-OGSM-Agenda-for-November-11-2025.pdf,bvb_sng_stiri\pdfs\SNG_20251028090751_Request-for-supplementing-OGSM-Agenda-for-November-11-2025.pdf,bvb_sng_stiri\texts\SNG_20251028090751_Request-for-supplementing-OGSM-Agenda-for-November-11-2025.txt,6478,ok,0,0,0.0,0.0,0.0,0.0,863,0.0,False
41,Solicitare completare ordine de zi AGOA 11 noiembrie 2025,28.10.2025 9:11:31,2025-10-28 09:11:31,2025-10-28,https://www.bvb.ro/infocont/infocont25/SNG_20251028090752_Solicitare-completare-ordine-de-zi-AGOA-11-noiembrie-2025.pdf,bvb_sng_stiri\pdfs\SNG_20251028090752_Solicitare-completare-ordine-de-zi-AGOA-11-noiembrie-2025.pdf,bvb_sng_stiri\texts\SNG_20251028090752_Solicitare-completare-ordine-de-zi-AGOA-11-noiembrie-2025.txt,2091,ok,1,1,0.25,-0.25,0.0,0.0,251,0.00796812749003984,True
42,Rezultate operationale cheie preliminare 9 luni 2025,28.10.2025 8:30:13,2025-10-28 08:30:13,2025-10-28,https://www.bvb.ro/infocont/infocont25/SNG_20251027154719_9-Months-2025-Preliminary-Key-Operational-Results.pdf,bvb_sng_stiri\pdfs\SNG_20251027154719_9-Months-2025-Preliminary-Key-Operational-Results.pdf,bvb_sng_stiri\texts\SNG_20251027154719_9-Months-2025-Preliminary-Key-Operational-Results.txt,4097,ok,0,0,0.0,0.0,0.0,0.0,466,0.0,False
43,Rezultate operationale cheie preliminare 9 luni 2025,28.10.2025 8:30:13,2025-10-28 08:30:13,2025-10-28,https://www.bvb.ro/infocont/infocont25/SNG_20251027154719_Rezultate-operationale-cheie-preliminare-9-luni-2025.pdf,bvb_sng_stiri\pdfs\SNG_20251027154719_Rezultate-operationale-cheie-preliminare-9-luni-2025.pdf,bvb_sng_stiri\texts\SNG_20251027154719_Rezultate-operationale-cheie-preliminare-9-luni-2025.txt,4679,ok,8,5,3.0,-1.75,0.23076923076923078,0.2631578947368421,525,0.024761904761904763,True
44,Disponibilitate Raport T3 2025 si teleconferinta,27.10.2025 10:19:21,2025-10-27 10:19:21,2025-10-27,https://www.bvb.ro/infocont/infocont25/SNG_20251027101430_Announcement-regarding-Q3-2025-Report-availability-and-confe.pdf,bvb_sng_stiri\pdfs\SNG_20251027101430_Announcement-regarding-Q3-2025-Report-availability-and-confe.pdf,bvb_sng_stiri\texts\SNG_20251027101430_Announcement-regarding-Q3-2025-Report-availability-and-confe.txt,2117,ok,0,0,0.0,0.0,0.0,0.0,256,0.0,False
45,Disponibilitate Raport T3 2025 si teleconferinta,27.10.2025 10:19:21,2025-10-27 10:19:21,2025-10-27,https://www.bvb.ro/infocont/infocont25/SNG_20251027101430_Comunicat-disponibilitate-Raport-9-luni-si-T3-2025-si-teleco.pdf,bvb_sng_stiri\pdfs\SNG_20251027101430_Comunicat-disponibilitate-Raport-9-luni-si-T3-2025-si-teleco.pdf,bvb_sng_stiri\texts\SNG_20251027101430_Comunicat-disponibilitate-Raport-9-luni-si-T3-2025-si-teleco.txt,2212,ok,5,0,1.25,0.0,1.0,1.0,248,0.020161290322580645,True
46,Fitch mentine perspectiva ratingului acordat ROMGAZ,27.10.2025 10:14:17,2025-10-27 10:14:17,2025-10-27,https://www.bvb.ro/infocont/infocont25/SNG_20251027100956_Fitch-maintains-outlook-on-ROMGAZ-rating.pdf,bvb_sng_stiri\pdfs\SNG_20251027100956_Fitch-maintains-outlook-on-ROMGAZ-rating.pdf,bvb_sng_stiri\texts\SNG_20251027100956_Fitch-maintains-outlook-on-ROMGAZ-rating.txt,1354,ok,0,2,0.0,-0.5,-1.0,-1.0,158,0.012658227848101266,True
47,Fitch mentine perspectiva ratingului acordat ROMGAZ,27.10.2025 10:14:17,2025-10-27 10:14:17,2025-10-27,https://www.bvb.ro/infocont/infocont25/SNG_20251027100956_Fitch-mentine-perspectiva-ratingului-acordat-ROMGAZ.pdf,bvb_sng_stiri\pdfs\SNG_20251027100956_Fitch-mentine-perspectiva-ratingului-acordat-ROMGAZ.pdf,bvb_sng_stiri\texts\SNG_20251027100956_Fitch-mentine-perspectiva-ratingului-acordat-ROMGAZ.txt,1450,ok,0,3,0.0,-0.75,-1.0,-1.0,166,0.018072289156626505,True
48,Strategia de Decarbonizare,23.10.2025 16:10:51,2025-10-23 16:10:51,2025-10-23,https://www.bvb.ro/infocont/infocont25/SNG_20251023155741_ANNOUNCEMENT---Decarbonization-Strategy.pdf,bvb_sng_stiri\pdfs\SNG_20251023155741_ANNOUNCEMENT---Decarbonization-Strategy.pdf,bvb_sng_stiri\texts\SNG_20251023155741_ANNOUNCEMENT---Decarbonization-Strategy.txt,6398,ok,0,0,0.0,0.0,0.0,0.0,928,0.0,False
49,Strategia de Decarbonizare,23.10.2025 16:10:51,2025-10-23 16:10:51,2025-10-23,https://www.bvb.ro/infocont/infocont25/SNG_20251023155741_COMUNICAT---Strategia-de-Decarbonizare.pdf,bvb_sng_stiri\pdfs\SNG_20251023155741_COMUNICAT---Strategia-de-Decarbonizare.pdf,bvb_sng_stiri\texts\SNG_20251023155741_COMUNICAT---Strategia-de-Decarbonizare.txt,7019,ok,9,5,2.5,-1.5,0.2857142857142857,0.25,986,0.014198782961460446,True
50,Contract cf. art. 234 lit. i) Reg. ASF 5 din 2018,23.10.2025 14:12:16,2025-10-23 14:12:16,2025-10-23,https://www.bvb.ro/infocont/infocont25/SNG_20251023140626_Current-report---Contract-acc-to-art-234-letter-i-FSA-Reg.pdf,bvb_sng_stiri\pdfs\SNG_20251023140626_Current-report---Contract-acc-to-art-234-letter-i-FSA-Reg.pdf,bvb_sng_stiri\texts\SNG_20251023140626_Current-report---Contract-acc-to-art-234-letter-i-FSA-Reg.txt,1704,ok,0,0,0.0,0.0,0.0,0.0,209,0.0,False
51,Contract cf. art. 234 lit. i) Reg. ASF 5 din 2018,23.10.2025 14:12:16,2025-10-23 14:12:16,2025-10-23,https://www.bvb.ro/infocont/infocont25/SNG_20251023140626_Raport-curent---Contract-cf-art-234-lit-i-Reg-ASF-5-din.pdf,bvb_sng_stiri\pdfs\SNG_20251023140626_Raport-curent---Contract-cf-art-234-lit-i-Reg-ASF-5-din.pdf,bvb_sng_stiri\texts\SNG_20251023140626_Raport-curent---Contract-cf-art-234-lit-i-Reg-ASF-5-din.txt,1802,ok,1,1,0.25,-0.25,0.0,0.0,223,0.008968609865470852,True
52,Contract cf. art. 234 lit. i) Reg. ASF 5 din 2018,21.10.2025 15:26:20,2025-10-21 15:26:20,2025-10-21,https://www.bvb.ro/infocont/infocont25/SNG_20251021150844_Current-report---Contract-acc-to-art-234-letter-i-Reg-5.pdf,bvb_sng_stiri\pdfs\SNG_20251021150844_Current-report---Contract-acc-to-art-234-letter-i-Reg-5.pdf,bvb_sng_stiri\texts\SNG_20251021150844_Current-report---Contract-acc-to-art-234-letter-i-Reg-5.txt,1767,ok,0,0,0.0,0.0,0.0,0.0,214,0.0,False
53,Contract cf. art. 234 lit. i) Reg. ASF 5 din 2018,21.10.2025 15:26:20,2025-10-21 15:26:20,2025-10-21,https://www.bvb.ro/infocont/infocont25/SNG_20251021150844_Raport-curent---Contract-cf-art-234-lit-i-Reg-5-din-201.pdf,bvb_sng_stiri\pdfs\SNG_20251021150844_Raport-curent---Contract-cf-art-234-lit-i-Reg-5-din-201.pdf,bvb_sng_stiri\texts\SNG_20251021150844_Raport-curent---Contract-cf-art-234-lit-i-Reg-5-din-201.txt,1868,ok,1,1,0.25,-0.25,0.0,0.0,229,0.008733624454148471,True
54,Hotarare AGEA 20 octombrie 2025,20.10.2025 16:04:19,2025-10-20 16:04:19,2025-10-20,https://www.bvb.ro/infocont/infocont25/SNG_20251020155606_Current-report---EGMS-Resolution-on-October-20-2025.pdf,bvb_sng_stiri\pdfs\SNG_20251020155606_Current-report---EGMS-Resolution-on-October-20-2025.pdf,bvb_sng_stiri\texts\SNG_20251020155606_Current-report---EGMS-Resolution-on-October-20-2025.txt,10435,ok,0,0,0.0,0.0,0.0,0.0,1446,0.0,False
55,Hotarare AGEA 20 octombrie 2025,20.10.2025 16:04:19,2025-10-20 16:04:19,2025-10-20,https://www.bvb.ro/infocont/infocont25/SNG_20251020155606_Raport-curent---Hotarare-AGEA-20-octombrie-2025.pdf,bvb_sng_stiri\pdfs\SNG_20251020155606_Raport-curent---Hotarare-AGEA-20-octombrie-2025.pdf,bvb_sng_stiri\texts\SNG_20251020155606_Raport-curent---Hotarare-AGEA-20-octombrie-2025.txt,10746,ok,12,3,5.0,-0.75,0.6,0.7391304347826086,1397,0.010737294201861132,True
56,Contract cf. art. 234 lit i) Reg ASF 5 din 2018,20.10.2025 16:02:24,2025-10-20 16:02:24,2025-10-20,https://www.bvb.ro/infocont/infocont25/SNG_20251020155953_Current-report---Contracts-acc-to-art234-letter-i-Reg-5-fro.pdf,bvb_sng_stiri\pdfs\SNG_20251020155953_Current-report---Contracts-acc-to-art234-letter-i-Reg-5-fro.pdf,bvb_sng_stiri\texts\SNG_20251020155953_Current-report---Contracts-acc-to-art234-letter-i-Reg-5-fro.txt,1812,ok,0,0,0.0,0.0,0.0,0.0,224,0.0,False
57,Contract cf. art. 234 lit i) Reg ASF 5 din 2018,20.10.2025 16:02:24,2025-10-20 16:02:24,2025-10-20,https://www.bvb.ro/infocont/infocont25/SNG_20251020155954_Raport-curent---Contracte-cf-art-234-lit-i-Reg-5-din-2018.pdf,bvb_sng_stiri\pdfs\SNG_20251020155954_Raport-curent---Contracte-cf-art-234-lit-i-Reg-5-din-2018.pdf,bvb_sng_stiri\texts\SNG_20251020155954_Raport-curent---Contracte-cf-art-234-lit-i-Reg-5-din-2018.txt,1886,ok,1,2,0.25,-0.5,-0.3333333333333333,-0.3333333333333333,222,0.013513513513513514,True
58,Contracte cf. art. 234 lit. i) Reg. ASF 5 din 2018,20.10.2025 15:04:22,2025-10-20 15:04:22,2025-10-20,https://www.bvb.ro/infocont/infocont25/SNG_20251020145744_Current-report---Contracts-acc-to-art-234-letter-i-Reg-5.pdf,bvb_sng_stiri\pdfs\SNG_20251020145744_Current-report---Contracts-acc-to-art-234-letter-i-Reg-5.pdf,bvb_sng_stiri\texts\SNG_20251020145744_Current-report---Contracts-acc-to-art-234-letter-i-Reg-5.txt,2166,ok,0,0,0.0,0.0,0.0,0.0,267,0.0,False
59,Contracte cf. art. 234 lit. i) Reg. ASF 5 din 2018,20.10.2025 15:04:22,2025-10-20 15:04:22,2025-10-20,https://www.bvb.ro/infocont/infocont25/SNG_20251020145744_Raport-curent---Contracte-cf-art-234-lit-i-Reg-5-din-20.pdf,bvb_sng_stiri\pdfs\SNG_20251020145744_Raport-curent---Contracte-cf-art-234-lit-i-Reg-5-din-20.pdf,bvb_sng_stiri\texts\SNG_20251020145744_Raport-curent---Contracte-cf-art-234-lit-i-Reg-5-din-20.txt,2354,ok,1,1,0.25,-0.25,0.0,0.0,298,0.006711409395973154,True
60,Actiune in justitie impotriva Comisiei Europene,17.10.2025 12:23:37,2025-10-17 12:23:37,2025-10-17,https://www.bvb.ro/infocont/infocont25/SNG_20251017121805_Actiune-in-justitie-impotriva-Comisiei-Europene.pdf,bvb_sng_stiri\pdfs\SNG_20251017121805_Actiune-in-justitie-impotriva-Comisiei-Europene.pdf,bvb_sng_stiri\texts\SNG_20251017121805_Actiune-in-justitie-impotriva-Comisiei-Europene.txt,7911,ok,10,2,2.5,-0.5,0.6666666666666666,0.6666666666666666,1111,0.010801080108010801,True
61,Actiune in justitie impotriva Comisiei Europene,17.10.2025 12:23:37,2025-10-17 12:23:37,2025-10-17,https://www.bvb.ro/infocont/infocont25/SNG_20251017121805_Legal-Action-against-the-European-Commission.pdf,bvb_sng_stiri\pdfs\SNG_20251017121805_Legal-Action-against-the-European-Commission.pdf,bvb_sng_stiri\texts\SNG_20251017121805_Legal-Action-against-the-European-Commission.txt,7368,ok,0,0,0.0,0.0,0.0,0.0,1056,0.0,False
62,Contracte cf. art. 234 lit. i) Reg. 5 din 2018,13.10.2025 15:09:00,2025-10-13 15:09:00,2025-10-13,https://www.bvb.ro/infocont/infocont25/SNG_20251013150047_Current-report---Contracts-acc-to-art-234-letter-i-Reg-5.pdf,bvb_sng_stiri\pdfs\SNG_20251013150047_Current-report---Contracts-acc-to-art-234-letter-i-Reg-5.pdf,bvb_sng_stiri\texts\SNG_20251013150047_Current-report---Contracts-acc-to-art-234-letter-i-Reg-5.txt,1858,ok,0,0,0.0,0.0,0.0,0.0,228,0.0,False
63,Contracte cf. art. 234 lit. i) Reg. 5 din 2018,13.10.2025 15:09:00,2025-10-13 15:09:00,2025-10-13,https://www.bvb.ro/infocont/infocont25/SNG_20251013150047_Raport-curent---Contracte-cf-art-234-lit-i-Reg-5-din-20.pdf,bvb_sng_stiri\pdfs\SNG_20251013150047_Raport-curent---Contracte-cf-art-234-lit-i-Reg-5-din-20.pdf,bvb_sng_stiri\texts\SNG_20251013150047_Raport-curent---Contracte-cf-art-234-lit-i-Reg-5-din-20.txt,1989,ok,1,1,0.25,-0.25,0.0,0.0,245,0.00816326530612245,True
64,Reziliere Contract CTE Iernut,13.10.2025 14:47:24,2025-10-13 14:47:24,2025-10-13,https://www.bvb.ro/infocont/infocont25/SNG_20251013144404_Reziliere-Contract-CTE-Iernut.pdf,bvb_sng_stiri\pdfs\SNG_20251013144404_Reziliere-Contract-CTE-Iernut.pdf,bvb_sng_stiri\texts\SNG_20251013144404_Reziliere-Contract-CTE-Iernut.txt,2420,ok,3,1,0.75,-0.25,0.5,0.5,295,0.013559322033898305,True
65,Reziliere Contract CTE Iernut,13.10.2025 14:47:24,2025-10-13 14:47:24,2025-10-13,https://www.bvb.ro/infocont/infocont25/SNG_20251013144405_Termination---Iernut-Power-Plant-Contract.pdf,bvb_sng_stiri\pdfs\SNG_20251013144405_Termination---Iernut-Power-Plant-Contract.pdf,bvb_sng_stiri\texts\SNG_20251013144405_Termination---Iernut-Power-Plant-Contract.txt,2132,ok,0,0,0.0,0.0,0.0,0.0,273,0.0,False
66,Convocare AGOA 11 (12) noiembrie 2025,09.10.2025 13:01:16,2025-10-09 13:01:16,2025-10-09,https://www.bvb.ro/infocont/infocont25/SNG_20251009125213_Convening-notice-of-OGMS-on-November-11-12-2025.pdf,bvb_sng_stiri\pdfs\SNG_20251009125213_Convening-notice-of-OGMS-on-November-11-12-2025.pdf,bvb_sng_stiri\texts\SNG_20251009125213_Convening-notice-of-OGMS-on-November-11-12-2025.txt,24091,ok,0,0,0.0,0.0,0.0,0.0,3462,0.0,False
67,Convocare AGOA 11 (12) noiembrie 2025,09.10.2025 13:01:16,2025-10-09 13:01:16,2025-10-09,https://www.bvb.ro/infocont/infocont25/SNG_20251009125213_Convocare-AGOA-11-12-noiembrie-2025.pdf,bvb_sng_stiri\pdfs\SNG_20251009125213_Convocare-AGOA-11-12-noiembrie-2025.pdf,bvb_sng_stiri\texts\SNG_20251009125213_Convocare-AGOA-11-12-noiembrie-2025.txt,26457,ok,28,8,10.75,-2.0,0.5555555555555556,0.6862745098039216,3471,0.010371650821089023,True
68,Contract cf. art. 234 lit. i) Reg. ASF 5 din 2018,29.09.2025 14:23:19,2025-09-29 14:23:19,2025-09-29,https://www.bvb.ro/infocont/infocont25/SNG_20250929141839_Current-report---Contract-acc-to-art-234-letter-i-Reg-5.pdf,bvb_sng_stiri\pdfs\SNG_20250929141839_Current-report---Contract-acc-to-art-234-letter-i-Reg-5.pdf,bvb_sng_stiri\texts\SNG_20250929141839_Current-report---Contract-acc-to-art-234-letter-i-Reg-5.txt,1750,ok,0,0,0.0,0.0,0.0,0.0,212,0.0,False
69,Contract cf. art. 234 lit. i) Reg. ASF 5 din 2018,29.09.2025 14:23:19,2025-09-29 14:23:19,2025-09-29,https://www.bvb.ro/infocont/infocont25/SNG_20250929141839_Raport-curent---Contract-cf-art-234-lit-i-Reg-5-din-201.pdf,bvb_sng_stiri\pdfs\SNG_20250929141839_Raport-curent---Contract-cf-art-234-lit-i-Reg-5-din-201.pdf,bvb_sng_stiri\texts\SNG_20250929141839_Raport-curent---Contract-cf-art-234-lit-i-Reg-5-din-201.txt,1844,ok,1,1,0.25,-0.25,0.0,0.0,226,0.008849557522123894,True
70,Contracte cf. art. 234 lit. i) Reg. ASF 5 din 2018,25.09.2025 13:57:27,2025-09-25 13:57:27,2025-09-25,https://www.bvb.ro/infocont/infocont25/SNG_20250925135334_Current-report---Contracts-acc-to-art-234-letter-i-Reg-5.pdf,bvb_sng_stiri\pdfs\SNG_20250925135334_Current-report---Contracts-acc-to-art-234-letter-i-Reg-5.pdf,bvb_sng_stiri\texts\SNG_20250925135334_Current-report---Contracts-acc-to-art-234-letter-i-Reg-5.txt,1848,ok,0,0,0.0,0.0,0.0,0.0,226,0.0,False
71,Contracte cf. art. 234 lit. i) Reg. ASF 5 din 2018,25.09.2025 13:57:27,2025-09-25 13:57:27,2025-09-25,https://www.bvb.ro/infocont/infocont25/SNG_20250925135334_Raport-curent---Contracte-cf-art-234-lit-i-Reg-5-din-20.pdf,bvb_sng_stiri\pdfs\SNG_20250925135334_Raport-curent---Contracte-cf-art-234-lit-i-Reg-5-din-20.pdf,bvb_sng_stiri\texts\SNG_20250925135334_Raport-curent---Contracte-cf-art-234-lit-i-Reg-5-din-20.txt,1984,ok,1,1,0.25,-0.25,0.0,0.0,246,0.008130081300813009,True
72,Parteneriat strategic pentru digitalizarea operatiunilor de productie,22.09.2025 15:36:26,2025-09-22 15:36:26,2025-09-22,https://www.bvb.ro/infocont/infocont25/SNG_20250922152824_Parteneriat-strategic-pentru-digitalizarea-operatiunilor-de.pdf,bvb_sng_stiri\pdfs\SNG_20250922152824_Parteneriat-strategic-pentru-digitalizarea-operatiunilor-de.pdf,bvb_sng_stiri\texts\SNG_20250922152824_Parteneriat-strategic-pentru-digitalizarea-operatiunilor-de.txt,4066,ok,7,1,2.5,-0.25,0.75,0.8181818181818182,533,0.0150093808630394,True
73,Parteneriat strategic pentru digitalizarea operatiunilor de productie,22.09.2025 15:36:26,2025-09-22 15:36:26,2025-09-22,https://www.bvb.ro/infocont/infocont25/SNG_20250922152824_Strategic-partnership-for-the-digitalization-of-production-o.pdf,bvb_sng_stiri\pdfs\SNG_20250922152824_Strategic-partnership-for-the-digitalization-of-production-o.pdf,bvb_sng_stiri\texts\SNG_20250922152824_Strategic-partnership-for-the-digitalization-of-production-o.txt,3820,ok,0,0,0.0,0.0,0.0,0.0,517,0.0,False
74,Contract cf. art. 234 lit. i) Reg. ASF 5 din 2018,22.09.2025 13:05:54,2025-09-22 13:05:54,2025-09-22,https://www.bvb.ro/infocont/infocont25/SNG_20250922130151_Current-report---Contract-acc-to-art-234-letter-i-Reg-5.pdf,bvb_sng_stiri\pdfs\SNG_20250922130151_Current-report---Contract-acc-to-art-234-letter-i-Reg-5.pdf,bvb_sng_stiri\texts\SNG_20250922130151_Current-report---Contract-acc-to-art-234-letter-i-Reg-5.txt,1740,ok,0,0,0.0,0.0,0.0,0.0,212,0.0,False
75,Contract cf. art. 234 lit. i) Reg. ASF 5 din 2018,22.09.2025 13:05:54,2025-09-22 13:05:54,2025-09-22,https://www.bvb.ro/infocont/infocont25/SNG_20250922130151_Raport-curent---Contract-cf-art-234-lit-i-Reg-5-din-201.pdf,bvb_sng_stiri\pdfs\SNG_20250922130151_Raport-curent---Contract-cf-art-234-lit-i-Reg-5-din-201.pdf,bvb_sng_stiri\texts\SNG_20250922130151_Raport-curent---Contract-cf-art-234-lit-i-Reg-5-din-201.txt,1838,ok,1,1,0.25,-0.25,0.0,0.0,223,0.008968609865470852,True
76,Contract cf. art. 234 lit. i) Reg. ASF 5 din 2018,19.09.2025 15:10:03,2025-09-19 15:10:03,2025-09-19,https://www.bvb.ro/infocont/infocont25/SNG_20250919150643_Current-report---Contract-acc-to-art-234-letter-i-Reg-5.pdf,bvb_sng_stiri\pdfs\SNG_20250919150643_Current-report---Contract-acc-to-art-234-letter-i-Reg-5.pdf,bvb_sng_stiri\texts\SNG_20250919150643_Current-report---Contract-acc-to-art-234-letter-i-Reg-5.txt,1759,ok,0,0,0.0,0.0,0.0,0.0,214,0.0,False
77,Contract cf. art. 234 lit. i) Reg. ASF 5 din 2018,19.09.2025 15:10:03,2025-09-19 15:10:03,2025-09-19,https://www.bvb.ro/infocont/infocont25/SNG_20250919150643_Raport-curent---Contract-cf-art-234-lit-i-Reg-5-din-201.pdf,bvb_sng_stiri\pdfs\SNG_20250919150643_Raport-curent---Contract-cf-art-234-lit-i-Reg-5-din-201.pdf,bvb_sng_stiri\texts\SNG_20250919150643_Raport-curent---Contract-cf-art-234-lit-i-Reg-5-din-201.txt,1860,ok,1,1,0.25,-0.25,0.0,0.0,228,0.008771929824561403,True
78,Aprobarea Prospectului de baza actualizat aferent Programului EMTN,19.09.2025 13:11:35,2025-09-19 13:11:35,2025-09-19,https://www.bvb.ro/infocont/infocont25/SNG_20250919130406_Current-report---Approval-of-the-updated-Base-Prospectus-of.pdf,bvb_sng_stiri\pdfs\SNG_20250919130406_Current-report---Approval-of-the-updated-Base-Prospectus-of.pdf,bvb_sng_stiri\texts\SNG_20250919130406_Current-report---Approval-of-the-updated-Base-Prospectus-of.txt,2284,ok,0,0,0.0,0.0,0.0,0.0,284,0.0,False
79,Aprobarea Prospectului de baza actualizat aferent Programului EMTN,19.09.2025 13:11:35,2025-09-19 13:11:35,2025-09-19,https://www.bvb.ro/infocont/infocont25/SNG_20250919130406_Raport-curent---Aprobarea-Prospectului-de-baz-actualizat-af.pdf,bvb_sng_stiri\pdfs\SNG_20250919130406_Raport-curent---Aprobarea-Prospectului-de-baz-actualizat-af.pdf,bvb_sng_stiri\texts\SNG_20250919130406_Raport-curent---Aprobarea-Prospectului-de-baz-actualizat-af.txt,2382,ok,1,1,0.5,-0.25,0.0,0.3333333333333333,283,0.007067137809187279,True
80,Contract cf. art. 234 lit. i) Reg. ASF 5 din 2018,15.09.2025 14:24:26,2025-09-15 14:24:26,2025-09-15,https://www.bvb.ro/infocont/infocont25/SNG_20250915142057_Current-report---Contract-acc-to-art-234-letter-i-Reg-5.pdf,bvb_sng_stiri\pdfs\SNG_20250915142057_Current-report---Contract-acc-to-art-234-letter-i-Reg-5.pdf,bvb_sng_stiri\texts\SNG_20250915142057_Current-report---Contract-acc-to-art-234-letter-i-Reg-5.txt,1763,ok,0,0,0.0,0.0,0.0,0.0,214,0.0,False
81,Contract cf. art. 234 lit. i) Reg. ASF 5 din 2018,15.09.2025 14:24:26,2025-09-15 14:24:26,2025-09-15,https://www.bvb.ro/infocont/infocont25/SNG_20250915142057_Raport-curent---Contract-cf-art-234-lit-i-Reg-5-din-201.pdf,bvb_sng_stiri\pdfs\SNG_20250915142057_Raport-curent---Contract-cf-art-234-lit-i-Reg-5-din-201.pdf,bvb_sng_stiri\texts\SNG_20250915142057_Raport-curent---Contract-cf-art-234-lit-i-Reg-5-din-201.txt,1864,ok,1,1,0.25,-0.25,0.0,0.0,228,0.008771929824561403,True
82,Notificare reziliere Contract CTE Iernut,11.09.2025 15:30:00,2025-09-11 15:30:00,2025-09-11,https://www.bvb.ro/infocont/infocont25/SNG_20250911152430_Notice-of-termination---Iernut-Power-Plant-Contract.pdf,bvb_sng_stiri\pdfs\SNG_20250911152430_Notice-of-termination---Iernut-Power-Plant-Contract.pdf,bvb_sng_stiri\texts\SNG_20250911152430_Notice-of-termination---Iernut-Power-Plant-Contract.txt,2159,ok,0,0,0.0,0.0,0.0,0.0,277,0.0,False
83,Notificare reziliere Contract CTE Iernut,11.09.2025 15:30:00,2025-09-11 15:30:00,2025-09-11,https://www.bvb.ro/infocont/infocont25/SNG_20250911152430_Notificare-reziliere-Contract-CTE-Iernut.pdf,bvb_sng_stiri\pdfs\SNG_20250911152430_Notificare-reziliere-Contract-CTE-Iernut.pdf,bvb_sng_stiri\texts\SNG_20250911152430_Notificare-reziliere-Contract-CTE-Iernut.txt,2420,ok,1,1,0.25,-0.25,0.0,0.0,295,0.006779661016949152,True
84,Convocare AGEA 20 (21) octombrie 2025,11.09.2025 14:18:46,2025-09-11 14:18:46,2025-09-11,https://www.bvb.ro/infocont/infocont25/SNG_20250911141154_Convocare-AGEA-20-21-octombrie-2025.pdf,bvb_sng_stiri\pdfs\SNG_20250911141154_Convocare-AGEA-20-21-octombrie-2025.pdf,bvb_sng_stiri\texts\SNG_20250911141154_Convocare-AGEA-20-21-octombrie-2025.txt,27861,ok,28,8,10.75,-2.0,0.5555555555555556,0.6862745098039216,3618,0.009950248756218905,True
85,Convocare AGEA 20 (21) octombrie 2025,11.09.2025 14:18:46,2025-09-11 14:18:46,2025-09-11,https://www.bvb.ro/infocont/infocont25/SNG_20250911141154_Notice-of-EGSM-on-October-20-21-2025.pdf,bvb_sng_stiri\pdfs\SNG_20250911141154_Notice-of-EGSM-on-October-20-21-2025.pdf,bvb_sng_stiri\texts\SNG_20250911141154_Notice-of-EGSM-on-October-20-21-2025.txt,24866,ok,0,0,0.0,0.0,0.0,0.0,3626,0.0,False
86,Memorandum - ROMGAZ si ELECTRICA vor dezvolta proiecte de energie verde,09.09.2025 13:23:56,2025-09-09 13:23:56,2025-09-09,https://www.bvb.ro/infocont/infocont25/SNG_20250909131448_Memorandum---ROMGAZ-si-ELECTRICA-vor-dezvolta-proiecte-de-en.pdf,bvb_sng_stiri\pdfs\SNG_20250909131448_Memorandum---ROMGAZ-si-ELECTRICA-vor-dezvolta-proiecte-de-en.pdf,bvb_sng_stiri\texts\SNG_20250909131448_Memorandum---ROMGAZ-si-ELECTRICA-vor-dezvolta-proiecte-de-en.txt,4458,ok,6,1,2.75,-0.25,0.7142857142857143,0.8333333333333334,586,0.011945392491467578,True
87,Memorandum - ROMGAZ si ELECTRICA vor dezvolta proiecte de energie verde,09.09.2025 13:23:56,2025-09-09 13:23:56,2025-09-09,https://www.bvb.ro/infocont/infocont25/SNG_20250909131448_MoU---ROMGAZ-and-ELECTRICA-will-develop-Green-Energy-Project.pdf,bvb_sng_stiri\pdfs\SNG_20250909131448_MoU---ROMGAZ-and-ELECTRICA-will-develop-Green-Energy-Project.pdf,bvb_sng_stiri\texts\SNG_20250909131448_MoU---ROMGAZ-and-ELECTRICA-will-develop-Green-Energy-Project.txt,4229,ok,0,0,0.0,0.0,0.0,0.0,586,0.0,False
88,Hotarari AGEA si AGOA 4 septembrie 2025,04.09.2025 16:18:04,2025-09-04 16:18:04,2025-09-04,https://www.bvb.ro/infocont/infocont25/SNG_20250904160430_Current-Report---EGSM-and-OGSM-Resolutions-on-September-4-2.pdf,bvb_sng_stiri\pdfs\SNG_20250904160430_Current-Report---EGSM-and-OGSM-Resolutions-on-September-4-2.pdf,bvb_sng_stiri\texts\SNG_20250904160430_Current-Report---EGSM-and-OGSM-Resolutions-on-September-4-2.txt,10872,ok,0,0,0.0,0.0,0.0,0.0,1425,0.0,False
89,Hotarari AGEA si AGOA 4 septembrie 2025,04.09.2025 16:18:04,2025-09-04 16:18:04,2025-09-04,https://www.bvb.ro/infocont/infocont25/SNG_20250904160430_Raport-curent---Hotarari-AGEA-si-AGOA-4-septembrie-2025.pdf,bvb_sng_stiri\pdfs\SNG_20250904160430_Raport-curent---Hotarari-AGEA-si-AGOA-4-septembrie-2025.pdf,bvb_sng_stiri\texts\SNG_20250904160430_Raport-curent---Hotarari-AGEA-si-AGOA-4-septembrie-2025.txt,11325,ok,4,2,1.0,-0.5,0.3333333333333333,0.3333333333333333,1363,0.004402054292002935,True
90,Contract cf. art. 234 lit. i) Reg. ASF 5 din 2018,28.08.2025 15:25:34,2025-08-28 15:25:34,2025-08-28,https://www.bvb.ro/infocont/infocont25/SNG_20250828151629_Current-report---Contract-acc-to-art-234-letter-i-Reg-5.pdf,bvb_sng_stiri\pdfs\SNG_20250828151629_Current-report---Contract-acc-to-art-234-letter-i-Reg-5.pdf,bvb_sng_stiri\texts\SNG_20250828151629_Current-report---Contract-acc-to-art-234-letter-i-Reg-5.txt,1758,ok,0,0,0.0,0.0,0.0,0.0,214,0.0,False
91,Contract cf. art. 234 lit. i) Reg. ASF 5 din 2018,28.08.2025 15:25:34,2025-08-28 15:25:34,2025-08-28,https://www.bvb.ro/infocont/infocont25/SNG_20250828151629_Raport-curent---Contract-cf-art-234-lit-i-Reg-5-din-201.pdf,bvb_sng_stiri\pdfs\SNG_20250828151629_Raport-curent---Contract-cf-art-234-lit-i-Reg-5-din-201.pdf,bvb_sng_stiri\texts\SNG_20250828151629_Raport-curent---Contract-cf-art-234-lit-i-Reg-5-din-201.txt,1854,ok,1,1,0.25,-0.25,0.0,0.0,228,0.008771929824561403,True
92,Contract cf. art. 234 lit. i) Reg. ASF 5 din 2018,25.08.2025 14:15:37,2025-08-25 14:15:37,2025-08-25,https://www.bvb.ro/infocont/infocont25/SNG_20250825140759_Current-report---Contract-acc-to-art-234-letter-i-Reg-5.pdf,bvb_sng_stiri\pdfs\SNG_20250825140759_Current-report---Contract-acc-to-art-234-letter-i-Reg-5.pdf,bvb_sng_stiri\texts\SNG_20250825140759_Current-report---Contract-acc-to-art-234-letter-i-Reg-5.txt,1716,ok,0,0,0.0,0.0,0.0,0.0,212,0.0,False
93,Contract cf. art. 234 lit. i) Reg. ASF 5 din 2018,25.08.2025 14:15:37,2025-08-25 14:15:37,2025-08-25,https://www.bvb.ro/infocont/infocont25/SNG_20250825140759_Raport-curent---Contract-cf-art-234-lit-i-Reg-5-din-201.pdf,bvb_sng_stiri\pdfs\SNG_20250825140759_Raport-curent---Contract-cf-art-234-lit-i-Reg-5-din-201.pdf,bvb_sng_stiri\texts\SNG_20250825140759_Raport-curent---Contract-cf-art-234-lit-i-Reg-5-din-201.txt,1813,ok,1,1,0.25,-0.25,0.0,0.0,224,0.008928571428571428,True
94,Contracte cf. art. 234 lit. i) Reg. ASF 5 din 2018,20.08.2025 15:05:21,2025-08-20 15:05:21,2025-08-20,https://www.bvb.ro/infocont/infocont25/SNG_20250820145942_Current-report---Contracts-acc-to-art-234-letter-i-Reg-5.pdf,bvb_sng_stiri\pdfs\SNG_20250820145942_Current-report---Contracts-acc-to-art-234-letter-i-Reg-5.pdf,bvb_sng_stiri\texts\SNG_20250820145942_Current-report---Contracts-acc-to-art-234-letter-i-Reg-5.txt,1867,ok,0,0,0.0,0.0,0.0,0.0,230,0.0,False
95,Contracte cf. art. 234 lit. i) Reg. ASF 5 din 2018,20.08.2025 15:05:21,2025-08-20 15:05:21,2025-08-20,https://www.bvb.ro/infocont/infocont25/SNG_20250820145943_Raport-curent---Contracte-cf-art-234-lit-i-Reg-5-din-20.pdf,bvb_sng_stiri\pdfs\SNG_20250820145943_Raport-curent---Contracte-cf-art-234-lit-i-Reg-5-din-20.pdf,bvb_sng_stiri\texts\SNG_20250820145943_Raport-curent---Contracte-cf-art-234-lit-i-Reg-5-din-20.txt,1990,ok,1,1,0.25,-0.25,0.0,0.0,247,0.008097165991902834,True
96,Contract cf. art. 234 lit. i) Reg. ASF 5 din 2018,18.08.2025 14:57:08,2025-08-18 14:57:08,2025-08-18,https://www.bvb.ro/infocont/infocont25/SNG_20250818145411_Current-report---Contract-acc-to-art-234-letter-i-Reg-5.pdf,bvb_sng_stiri\pdfs\SNG_20250818145411_Current-report---Contract-acc-to-art-234-letter-i-Reg-5.pdf,bvb_sng_stiri\texts\SNG_20250818145411_Current-report---Contract-acc-to-art-234-letter-i-Reg-5.txt,1758,ok,0,0,0.0,0.0,0.0,0.0,214,0.0,False
97,Contract cf. art. 234 lit. i) Reg. ASF 5 din 2018,18.08.2025 14:57:08,2025-08-18 14:57:08,2025-08-18,https://www.bvb.ro/infocont/infocont25/SNG_20250818145411_Raport-curent---Contract-cf-art-234-lit-i-Reg-5-din-201.pdf,bvb_sng_stiri\pdfs\SNG_20250818145411_Raport-curent---Contract-cf-art-234-lit-i-Reg-5-din-201.pdf,bvb_sng_stiri\texts\SNG_20250818145411_Raport-curent---Contract-cf-art-234-lit-i-Reg-5-din-201.txt,1853,ok,1,1,0.25,-0.25,0.0,0.0,228,0.008771929824561403,True
98,Contracte cf. art. 234 lit. i) Reg. ASF 5 din 2018,14.08.2025 14:21:18,2025-08-14 14:21:18,2025-08-14,https://www.bvb.ro/infocont/infocont25/SNG_20250814141516_Current-report---Contracts-acc-to-art-234-letter-i-Reg-5.pdf,bvb_sng_stiri\pdfs\SNG_20250814141516_Current-report---Contracts-acc-to-art-234-letter-i-Reg-5.pdf,bvb_sng_stiri\texts\SNG_20250814141516_Current-report---Contracts-acc-to-art-234-letter-i-Reg-5.txt,1864,ok,0,0,0.0,0.0,0.0,0.0,229,0.0,False
99,Contracte cf. art. 234 lit. i) Reg. ASF 5 din 2018,14.08.2025 14:21:18,2025-08-14 14:21:18,2025-08-14,https://www.bvb.ro/infocont/infocont25/SNG_20250814141516_Raport-curent---Contracte-cf-art-234-lit-i-Reg-5-din-20.pdf,bvb_sng_stiri\pdfs\SNG_20250814141516_Raport-curent---Contracte-cf-art-234-lit-i-Reg-5-din-20.pdf,bvb_sng_stiri\texts\SNG_20250814141516_Raport-curent---Contracte-cf-art-234-lit-i-Reg-5-din-20.txt,1993,ok,1,1,0.25,-0.25,0.0,0.0,248,0.008064516129032258,True
100,Raport semestrial S1 2025,14.08.2025 8:30:16,2025-08-14 08:30:16,2025-08-14,https://www.bvb.ro/infocont/infocont25/SNG_20250813202723_H-1-2025-Report.pdf,bvb_sng_stiri\pdfs\SNG_20250813202723_H-1-2025-Report.pdf,bvb_sng_stiri\texts\SNG_20250813202723_H-1-2025-Report.txt,175658,ok,56,7,48.25,-1.75,0.7777777777777778,0.93,20231,0.0031140329197765805,True
101,Raport semestrial S1 2025,14.08.2025 8:30:16,2025-08-14 08:30:16,2025-08-14,https://www.bvb.ro/infocont/infocont25/SNG_20250813202723_Raport-Semestrul-1-2025.pdf,bvb_sng_stiri\pdfs\SNG_20250813202723_Raport-Semestrul-1-2025.pdf,bvb_sng_stiri\texts\SNG_20250813202723_Raport-Semestrul-1-2025.txt,192349,ok,370,89,169.5,-30.0,0.6122004357298475,0.6992481203007519,21310,0.021539183481933365,True
102,Raport semestrial S1 2025,14.08.2025 8:30:16,2025-08-14 08:30:16,2025-08-14,https://www.bvb.ro/infocont/infocont25/SNG_20250813202723_SNG-Intro-H1-2025-Report.pdf,bvb_sng_stiri\pdfs\SNG_20250813202723_SNG-Intro-H1-2025-Report.pdf,bvb_sng_stiri\texts\SNG_20250813202723_SNG-Intro-H1-2025-Report.txt,8739,ok,8,1,8.0,-0.25,0.7777777777777778,0.9393939393939394,1021,0.00881488736532811,True
103,Raport semestrial S1 2025,14.08.2025 8:30:16,2025-08-14 08:30:16,2025-08-14,https://www.bvb.ro/infocont/infocont25/SNG_20250813202723_SNG-Intro-Raport-Semestrul-1-2025.pdf,bvb_sng_stiri\pdfs\SNG_20250813202723_SNG-Intro-Raport-Semestrul-1-2025.pdf,bvb_sng_stiri\texts\SNG_20250813202723_SNG-Intro-Raport-Semestrul-1-2025.txt,10059,ok,27,4,14.5,-1.0,0.7419354838709677,0.8709677419354839,1192,0.026006711409395974,True
104,Completare Ordine de zi AGOA 4 septembrie 2025,13.08.2025 15:41:09,2025-08-13 15:41:09,2025-08-13,https://www.bvb.ro/infocont/infocont25/SNG_20250813153553_Completare-Ordine-de-zi-AGOA-4-septembrie-2025.pdf,bvb_sng_stiri\pdfs\SNG_20250813153553_Completare-Ordine-de-zi-AGOA-4-septembrie-2025.pdf,bvb_sng_stiri\texts\SNG_20250813153553_Completare-Ordine-de-zi-AGOA-4-septembrie-2025.txt,7684,ok,5,1,1.25,-0.25,0.6666666666666666,0.6666666666666666,921,0.006514657980456026,True
105,Completare Ordine de zi AGOA 4 septembrie 2025,13.08.2025 15:41:09,2025-08-13 15:41:09,2025-08-13,https://www.bvb.ro/infocont/infocont25/SNG_20250813153553_Supplement-to-the-OGMS-Agenda-on-September-4-2025.pdf,bvb_sng_stiri\pdfs\SNG_20250813153553_Supplement-to-the-OGMS-Agenda-on-September-4-2025.pdf,bvb_sng_stiri\texts\SNG_20250813153553_Supplement-to-the-OGMS-Agenda-on-September-4-2025.txt,7079,ok,0,0,0.0,0.0,0.0,0.0,932,0.0,False
106,Modificare detalii teleconferinta S1 2025,12.08.2025 11:27:08,2025-08-12 11:27:08,2025-08-12,https://www.bvb.ro/infocont/infocont25/SNG_20250812111832_H1-2025-Conf-Call-changes.pdf,bvb_sng_stiri\pdfs\SNG_20250812111832_H1-2025-Conf-Call-changes.pdf,bvb_sng_stiri\texts\SNG_20250812111832_H1-2025-Conf-Call-changes.txt,1058,ok,0,0,0.0,0.0,0.0,0.0,132,0.0,False
107,Modificare detalii teleconferinta S1 2025,12.08.2025 11:27:08,2025-08-12 11:27:08,2025-08-12,https://www.bvb.ro/infocont/infocont25/SNG_20250812111832_Modificare-detalii-teleconferint-S1-2025.pdf,bvb_sng_stiri\pdfs\SNG_20250812111832_Modificare-detalii-teleconferint-S1-2025.pdf,bvb_sng_stiri\texts\SNG_20250812111832_Modificare-detalii-teleconferint-S1-2025.txt,1084,ok,0,0,0.0,0.0,0.0,0.0,118,0.0,False
108,Contracte cf. art. 234 lit. i) Reg. ASF 5 din 2018,11.08.2025 15:16:53,2025-08-11 15:16:53,2025-08-11,https://www.bvb.ro/infocont/infocont25/SNG_20250811151103_Current-report---Contracts-acc-to-art-234-letter-i-Reg-5.pdf,bvb_sng_stiri\pdfs\SNG_20250811151103_Current-report---Contracts-acc-to-art-234-letter-i-Reg-5.pdf,bvb_sng_stiri\texts\SNG_20250811151103_Current-report---Contracts-acc-to-art-234-letter-i-Reg-5.txt,1882,ok,0,0,0.0,0.0,0.0,0.0,233,0.0,False
109,Contracte cf. art. 234 lit. i) Reg. ASF 5 din 2018,11.08.2025 15:16:53,2025-08-11 15:16:53,2025-08-11,https://www.bvb.ro/infocont/infocont25/SNG_20250811151103_Raport-curent---Contracte-cf-art-234-lit-i-Reg-5-din-20.pdf,bvb_sng_stiri\pdfs\SNG_20250811151103_Raport-curent---Contracte-cf-art-234-lit-i-Reg-5-din-20.pdf,bvb_sng_stiri\texts\SNG_20250811151103_Raport-curent---Contracte-cf-art-234-lit-i-Reg-5-din-20.txt,2005,ok,1,1,0.25,-0.25,0.0,0.0,249,0.008032128514056224,True
110,Contract cf. art. 234 lit i) Reg. ASF 5 din 2018,07.08.2025 15:26:22,2025-08-07 15:26:22,2025-08-07,https://www.bvb.ro/infocont/infocont25/SNG_20250807152359_Current-Report---Contracts-acc-to-art234-letter-i-Reg-5-fro.pdf,bvb_sng_stiri\pdfs\SNG_20250807152359_Current-Report---Contracts-acc-to-art234-letter-i-Reg-5-fro.pdf,bvb_sng_stiri\texts\SNG_20250807152359_Current-Report---Contracts-acc-to-art234-letter-i-Reg-5-fro.txt,1829,ok,0,0,0.0,0.0,0.0,0.0,224,0.0,False
111,Contract cf. art. 234 lit i) Reg. ASF 5 din 2018,07.08.2025 15:26:22,2025-08-07 15:26:22,2025-08-07,https://www.bvb.ro/infocont/infocont25/SNG_20250807152359_Raport-Curent---Contracte-cf-art-234-lit-i-Reg-5-din-2018.pdf,bvb_sng_stiri\pdfs\SNG_20250807152359_Raport-Curent---Contracte-cf-art-234-lit-i-Reg-5-din-2018.pdf,bvb_sng_stiri\texts\SNG_20250807152359_Raport-Curent---Contracte-cf-art-234-lit-i-Reg-5-din-2018.txt,1875,ok,1,2,0.25,-0.5,-0.3333333333333333,-0.3333333333333333,218,0.013761467889908258,True
112,Contract pentru servicii Market Making,06.08.2025 11:23:06,2025-08-06 11:23:06,2025-08-06,https://www.bvb.ro/infocont/infocont25/SNG_20250806111928_Contract-for-Market-Making-Services.pdf,bvb_sng_stiri\pdfs\SNG_20250806111928_Contract-for-Market-Making-Services.pdf,bvb_sng_stiri\texts\SNG_20250806111928_Contract-for-Market-Making-Services.txt,1657,ok,0,0,0.0,0.0,0.0,0.0,207,0.0,False
113,Contract pentru servicii Market Making,06.08.2025 11:23:06,2025-08-06 11:23:06,2025-08-06,https://www.bvb.ro/infocont/infocont25/SNG_20250806111928_Contract-pentru-servicii-Market-Making.pdf,bvb_sng_stiri\pdfs\SNG_20250806111928_Contract-pentru-servicii-Market-Making.pdf,bvb_sng_stiri\texts\SNG_20250806111928_Contract-pentru-servicii-Market-Making.txt,1692,ok,1,1,0.25,-0.25,0.0,0.0,205,0.00975609756097561,True
114,Convocare AGOA 4 (5) septembrie 2025,01.08.2025 13:05:02,2025-08-01 13:05:02,2025-08-01,https://www.bvb.ro/infocont/infocont25/SNG_20250801130047_Current-Report---Notice-of-OGMS-on-September-4-5-2025.pdf,bvb_sng_stiri\pdfs\SNG_20250801130047_Current-Report---Notice-of-OGMS-on-September-4-5-2025.pdf,bvb_sng_stiri\texts\SNG_20250801130047_Current-Report---Notice-of-OGMS-on-September-4-5-2025.txt,32612,ok,0,0,0.0,0.0,0.0,0.0,4756,0.0,False
115,Convocare AGOA 4 (5) septembrie 2025,01.08.2025 13:05:02,2025-08-01 13:05:02,2025-08-01,https://www.bvb.ro/infocont/infocont25/SNG_20250801130047_Raport-Curent---Convocare-AGOA-4-5-septembrie-2025.pdf,bvb_sng_stiri\pdfs\SNG_20250801130047_Raport-Curent---Convocare-AGOA-4-5-septembrie-2025.pdf,bvb_sng_stiri\texts\SNG_20250801130047_Raport-Curent---Convocare-AGOA-4-5-septembrie-2025.txt,35945,ok,45,10,17.25,-2.5,0.6363636363636364,0.7468354430379747,4709,0.011679762157570609,True
116,Schimbare in componenta Comitetului de Gestionare a Riscurilor,31.07.2025 11:54:46,2025-07-31 11:54:46,2025-07-31,https://www.bvb.ro/infocont/infocont25/SNG_20250731115153_Change-in-the-Risk-Management-Committee-membership.pdf,bvb_sng_stiri\pdfs\SNG_20250731115153_Change-in-the-Risk-Management-Committee-membership.pdf,bvb_sng_stiri\texts\SNG_20250731115153_Change-in-the-Risk-Management-Committee-membership.txt,794,ok,0,0,0.0,0.0,0.0,0.0,104,0.0,False
117,Schimbare in componenta Comitetului de Gestionare a Riscurilor,31.07.2025 11:54:46,2025-07-31 11:54:46,2025-07-31,https://www.bvb.ro/infocont/infocont25/SNG_20250731115153_Schimbare-in-componenta-Comitetului-de-Gestionare-a-Riscuril.pdf,bvb_sng_stiri\pdfs\SNG_20250731115153_Schimbare-in-componenta-Comitetului-de-Gestionare-a-Riscuril.pdf,bvb_sng_stiri\texts\SNG_20250731115153_Schimbare-in-componenta-Comitetului-de-Gestionare-a-Riscuril.txt,842,ok,0,0,0.0,0.0,0.0,0.0,103,0.0,False
118,Raport auditor - art. 108 Legea 24/2017 (R) - Semestrul 1 2025,31.07.2025 10:16:37,2025-07-31 10:16:37,2025-07-31,https://www.bvb.ro/infocont/infocont25/SNG_20250731100456_Auditor-Report-H-1-2025-Contracts.pdf,bvb_sng_stiri\pdfs\SNG_20250731100456_Auditor-Report-H-1-2025-Contracts.pdf,bvb_sng_stiri\texts\SNG_20250731100456_Auditor-Report-H-1-2025-Contracts.txt,14992,ok,3,0,0.75,0.0,1.0,1.0,2086,0.0014381591562799617,True
119,Raport auditor - art. 108 Legea 24/2017 (R) - Semestrul 1 2025,31.07.2025 10:16:37,2025-07-31 10:16:37,2025-07-31,https://www.bvb.ro/infocont/infocont25/SNG_20250731100456_Raport-Auditor-Contracte-Semestrul-1-2025.pdf,bvb_sng_stiri\pdfs\SNG_20250731100456_Raport-Auditor-Contracte-Semestrul-1-2025.pdf,bvb_sng_stiri\texts\SNG_20250731100456_Raport-Auditor-Contracte-Semestrul-1-2025.txt,15897,ok,25,6,6.25,-1.5,0.6129032258064516,0.6129032258064516,2029,0.015278462296697881,True
120,Convocare AGEA 4 (5) septembrie 2025,30.07.2025 16:06:44,2025-07-30 16:06:44,2025-07-30,https://www.bvb.ro/infocont/infocont25/SNG_20250730160220_Current-Report---Notice-of-EGMS-on-September-4-5-2025.pdf,bvb_sng_stiri\pdfs\SNG_20250730160220_Current-Report---Notice-of-EGMS-on-September-4-5-2025.pdf,bvb_sng_stiri\texts\SNG_20250730160220_Current-Report---Notice-of-EGMS-on-September-4-5-2025.txt,24255,ok,0,0,0.0,0.0,0.0,0.0,3485,0.0,False
121,Convocare AGEA 4 (5) septembrie 2025,30.07.2025 16:06:44,2025-07-30 16:06:44,2025-07-30,https://www.bvb.ro/infocont/infocont25/SNG_20250730160220_Raport-Curent---Convocare-AGEA-4-5-septembrie-2025.pdf,bvb_sng_stiri\pdfs\SNG_20250730160220_Raport-Curent---Convocare-AGEA-4-5-septembrie-2025.pdf,bvb_sng_stiri\texts\SNG_20250730160220_Raport-Curent---Convocare-AGEA-4-5-septembrie-2025.txt,26831,ok,28,10,10.75,-2.5,0.47368421052631576,0.6226415094339622,3501,0.010854041702370752,True
